-- MySQL dump 10.13  Distrib 8.0.30, for Win64 (x86_64)
--
-- Host: programming-emu.com    Database: ApDB
-- ------------------------------------------------------
-- Server version	8.0.28

/*!40101 SET @OLD_CHARACTER_SET_CLIENT=@@CHARACTER_SET_CLIENT */;
/*!40101 SET @OLD_CHARACTER_SET_RESULTS=@@CHARACTER_SET_RESULTS */;
/*!40101 SET @OLD_COLLATION_CONNECTION=@@COLLATION_CONNECTION */;
/*!50503 SET NAMES utf8 */;
/*!40103 SET @OLD_TIME_ZONE=@@TIME_ZONE */;
/*!40103 SET TIME_ZONE='+00:00' */;
/*!40014 SET @OLD_UNIQUE_CHECKS=@@UNIQUE_CHECKS, UNIQUE_CHECKS=0 */;
/*!40014 SET @OLD_FOREIGN_KEY_CHECKS=@@FOREIGN_KEY_CHECKS, FOREIGN_KEY_CHECKS=0 */;
/*!40101 SET @OLD_SQL_MODE=@@SQL_MODE, SQL_MODE='NO_AUTO_VALUE_ON_ZERO' */;
/*!40111 SET @OLD_SQL_NOTES=@@SQL_NOTES, SQL_NOTES=0 */;


--
-- Table structure for table `Artiesten`
--

DROP TABLE IF EXISTS `Artiesten`;
/*!40101 SET @saved_cs_client     = @@character_set_client */;
/*!50503 SET character_set_client = utf8mb4 */;
CREATE TABLE `Artiesten` (
  `Naam` varchar(100) NOT NULL,
  `Id` int NOT NULL AUTO_INCREMENT,
  PRIMARY KEY (`Id`)
) ENGINE=InnoDB AUTO_INCREMENT=256 DEFAULT CHARSET=utf8mb4 COLLATE=utf8mb4_0900_ai_ci;
/*!40101 SET character_set_client = @saved_cs_client */;

--
-- Dumping data for table `Artiesten`
--

LOCK TABLES `Artiesten` WRITE;
/*!40000 ALTER TABLE `Artiesten` DISABLE KEYS */;
INSERT INTO `Artiesten` VALUES ('Claude Debussy',1),('Led Zeppelin',2),('Blues Pills',3),('Ghostface Killah',4),('AC/DC',5),('Accept',6),('Aerosmith',7),('Alanis Morissette',8),('Alice In Chains',9),('Antônio Carlos Jobim',10),('Apocalyptica',11),('Audioslave',12),('BackBeat',13),('Billy Cobham',14),('Black Label Society',15),('Black Sabbath',16),('Body Count',17),('Bruce Dickinson',18),('Buddy Guy',19),('Caetano Veloso',20),('Chico Buarque',21),('Chico Science & Nação Zumbi',22),('Cláudio Zoli',23),('Various Artists',24),('Frank Zappa & Captain Beefheart',25),('Marcos Valle',26),('Metallica',27),('Queen',28),('Kiss',29),('Spyro Gyra',30),('Green Day',31),('David Coverdale',32),('Gonzaguinha',33),('Os Mutantes',34),('Deep Purple',35),('Santana',36),('Ed Motta',37),('Miles Davis',38),('Gene Krupa',39),('Creedence Clearwater Revival',40),('Cássia Eller',41),('Def Leppard',42),('Dennis Chambers',43),('Djavan',44),('Elis Regina',45),('Eric Clapton',46),('Faith No More',47),('Falamansa',48),('Foo Fighters',49),('Funk Como Le Gusta',50),('Gilberto Gil',51),('Godsmack',52),('Guns N\' Roses',53),('Incognito',54),('Iron Maiden',55),('Jamiroquai',56),('JET',57),('Jimi Hendrix',58),('Joe Satriani',59),('Jorge Ben',60),('Jota Quest',61),('João Suplicy',62),('Judas Priest',63),('Legião Urbana',64),('Lenny Kravitz',65),('Lulu Santos',66),('Marillion',67),('Marisa Monte',68),('Men At Work',69),('Milton Nascimento',70),('Motörhead',71),('Mônica Marianno',72),('Mötley Crüe',73),('Nirvana',74),('O Terço',75),('Olodum',76),('Os Paralamas Do Sucesso',77),('Ozzy Osbourne',78),('Page & Plant',79),('Paul D\'Ianno',80),('Pearl Jam',81),('Pink Floyd',82),('R.E.M. Feat. Kate Pearson',83),('R.E.M.',84),('Raimundos',85),('Raul Seixas',86),('Red Hot Chili Peppers',87),('Rush',88),('Skank',89),('Smashing Pumpkins',90),('Soundgarden',91),('Stevie Ray Vaughan & Double Trouble',92),('Stone Temple Pilots',93),('System Of A Down',94),('Terry Bozzio, Tony Levin & Steve Stevens',95),('The Black Crowes',96),('The Clash',97),('The Cult',98),('The Doors',99),('The Police',100),('The Rolling Stones',101),('The Tea Party',102),('The Who',103),('Tim Maia',104),('Titãs',105),('Heroes',106),('Lost',107),('U2',108),('Van Halen',109),('Velvet Revolver',110),('Vinícius De Moraes',111),('Zeca Pagodinho',112),('Dread Zeppelin',113),('Scorpions',114),('House Of Pain',115),('O Rappa',116),('Cake',117),('Aisha Duo',118),('Habib Koité and Bamada',119),('Karsh Kale',120),('The Posies',121),('Luciana Souza/Romero Lubambo',122),('Aaron Goldberg',123),('Temple of the Dog',124),('Chris Cornell',125),('Alberto Turco & Nova Schola Gregoriana',126),('Richard Marlow & The Choir of Trinity College, Cambridge',127),('English Concert & Trevor Pinnock',128),('Hilary Hahn, Jeffrey Kahane, Los Angeles Chamber Orchestra & Margaret Batjer',129),('Yo-Yo Ma',130),('Scholars Baroque Ensemble',131),('Academy of St. Martin in the Fields & Sir Neville Marriner',132),('Berliner Philharmoniker, Claudio Abbado & Sabine Meyer',133),('Orchestre Révolutionnaire et Romantique & John Eliot Gardiner',134),('Britten Sinfonia, Ivor Bolton & Lesley Garrett',135),('Sir Georg Solti & Wiener Philharmoniker',136),('Academy of St. Martin in the Fields, John Birch, Sir Neville Marriner & Sylvia McNair',137),('London Symphony Orchestra & Sir Charles Mackerras',138),('Herbert Von Karajan, Mirella Freni & Wiener Philharmoniker',139),('Eugene Ormandy',140),('Luciano Pavarotti',141),('Leonard Bernstein & New York Philharmonic',142),('Boston Symphony Orchestra & Seiji Ozawa',143),('Aaron Copland & London Symphony Orchestra',144),('Ton Koopman',145),('Chicago Symphony Orchestra & Fritz Reiner',146),('Orchestra of The Age of Enlightenment',147),('Emanuel Ax, Eugene Ormandy & Philadelphia Orchestra',148),('James Levine',149),('Berliner Philharmoniker & Hans Rosbaud',150),('Gustav Mahler',151),('Felix Schmidt, London Symphony Orchestra & Rafael Frühbeck de Burgos',152),('Edo de Waart & San Francisco Symphony',153),('Antal Doráti & London Symphony Orchestra',154),('Choir Of Westminster Abbey & Simon Preston',155),('Michael Tilson Thomas & San Francisco Symphony',156),('Chor der Wiener Staatsoper, Herbert Von Karajan & Wiener Philharmoniker',157),('The King\'s Singers',158),('Berliner Philharmoniker & Herbert Von Karajan',159),('Christopher O\'Riley',160),('Fretwork',161),('Amy Winehouse',162),('Calexico',163),('Otto Klemperer & Philharmonia Orchestra',164),('Yehudi Menuhin',165),('Philharmonia Orchestra & Sir Neville Marriner',166),('Academy of St. Martin in the Fields, Sir Neville Marriner & Thurston Dart',167),('Les Arts Florissants & William Christie',168),('The 12 Cellists of The Berlin Philharmonic',169),('Roger Norrington, London Classical Players',170),('Charles Dutoit & L\'Orchestre Symphonique de Montréal',171),('Kent Nagano and Orchestre de l\'Opéra de Lyon',172),('Julian Bream',173),('Martin Roscoe',174),('Itzhak Perlman',175),('Michele Campanella',176),('Gerald Moore',177),('Mela Tenenbaum, Pro Musica Prague & Richard Kapp',178),('C. Monteverdi, Nigel Rogers - Chiaroscuro; London Baroque; London Cornett & Sackbu',179),('Nash Ensemble',180);
/*!40000 ALTER TABLE `Artiesten` ENABLE KEYS */;
UNLOCK TABLES;

--
-- Table structure for table `Albums`
--

DROP TABLE IF EXISTS `Albums`;
/*!40101 SET @saved_cs_client     = @@character_set_client */;
/*!50503 SET character_set_client = utf8mb4 */;
CREATE TABLE `Albums` (
  `Titel` varchar(100) NOT NULL,
  `Id` int NOT NULL AUTO_INCREMENT,
  `Artiesten_Id` int DEFAULT NULL,
  PRIMARY KEY (`Id`),
  KEY `fk_Albums_Artiesten` (`Artiesten_Id`),
  CONSTRAINT `fk_Albums_Artiesten` FOREIGN KEY (`Artiesten_Id`) REFERENCES `Artiesten` (`Id`)
) ENGINE=InnoDB AUTO_INCREMENT=512 DEFAULT CHARSET=utf8mb4 COLLATE=utf8mb4_0900_ai_ci;
/*!40101 SET character_set_client = @saved_cs_client */;

--
-- Dumping data for table `Albums`
--

LOCK TABLES `Albums` WRITE;
/*!40000 ALTER TABLE `Albums` DISABLE KEYS */;
INSERT INTO `Albums` VALUES ('Verzameld werk van Debussy',1,1),('Led Zeppelin IV',2,2),('Blues Pills',3,3),('Lady in Gold',4,3),('Supreme Clientele',5,4),('For Those About To Rock We Salute You',6,5),('Balls to the Wall',7,6),('Restless and Wild',8,6),('Let There Be Rock',9,5),('Big Ones',10,7),('Jagged Little Pill',11,8),('Facelift',12,9),('Warner 25 Anos',13,10),('Plays Metallica By Four Cellos',14,11),('Audioslave',15,12),('Out Of Exile',16,12),('BackBeat Soundtrack',17,13),('The Best Of Billy Cobham',18,14),('Alcohol Fueled Brewtality Live! [Disc 1]',19,15),('Alcohol Fueled Brewtality Live! [Disc 2]',20,15),('Black Sabbath',21,16),('Black Sabbath Vol. 4 (Remaster)',22,16),('Body Count',23,17),('Chemical Wedding',24,18),('The Best Of Buddy Guy - The Millenium Collection',25,19),('Prenda Minha',26,20),('Sozinho Remix Ao Vivo',27,20),('Minha Historia',28,21),('Afrociberdelia',29,22),('Da Lama Ao Caos',30,22),('Na Pista',31,23),('Axé Bahia 2001',32,24),('BBC Sessions [Disc 1] [Live]',33,2),('Bongo Fury',34,25),('Chill: Brazil (Disc 1)',35,26),('Chill: Brazil (Disc 2)',36,10),('Garage Inc. (Disc 1)',37,27),('Greatest Hits II',38,28),('Greatest Kiss',39,29),('Heart of the Night',40,30),('International Superhits',41,31),('Into The Light',42,32),('Meus Momentos',43,33),('MK III The Final Concerts [Disc 1]',44,35),('Physical Graffiti [Disc 1]',45,2),('Sambas De Enredo 2001',46,24),('Supernatural',47,36),('The Best of Ed Motta',48,37),('The Essential Miles Davis [Disc 1]',49,38),('The Essential Miles Davis [Disc 2]',50,38),('The Final Concerts (Disc 2)',51,35),('Up An\' Atom',52,39),('Vozes do MPB',53,24),('Chronicle, Vol. 1',54,40),('Chronicle, Vol. 2',55,40),('Cássia Eller - Coleção Sem Limite [Disc 2]',56,41),('Cássia Eller - Sem Limite [Disc 1]',57,41),('Come Taste The Band',58,35),('Deep Purple In Rock',59,35),('Fireball',60,35),('Knocking at Your Back Door: The Best Of Deep Purple in the 80\'s',61,35),('Machine Head',62,35),('Purpendicular',63,35),('Slaves And Masters',64,35),('Stormbringer',65,35),('The Battle Rages On',66,35),('Vault: Def Leppard\'s Greatest Hits',67,42),('Outbreak',68,43),('Djavan Ao Vivo - Vol. 02',69,44),('Djavan Ao Vivo - Vol. 1',70,44),('Elis Regina-Minha História',71,45),('The Cream Of Clapton',72,46),('Unplugged',73,46),('Album Of The Year',74,47),('Angel Dust',75,47),('King For A Day Fool For A Lifetime',76,47),('The Real Thing',77,47),('Deixa Entrar',78,48),('In Your Honor [Disc 1]',79,49),('In Your Honor [Disc 2]',80,49),('One By One',81,49),('The Colour And The Shape',82,49),('Roda De Funk',83,50),('Quanta Gente Veio Ver (Live)',84,51),('Quanta Gente Veio ver--Bônus De Carnaval',85,51),('Faceless',86,52),('American Idiot',87,31),('Appetite for Destruction',88,53),('Use Your Illusion I',89,53),('Use Your Illusion II',90,53),('Blue Moods',91,54),('A Matter of Life and Death',92,55),('A Real Dead One',93,55),('A Real Live One',94,55),('Brave New World',95,55),('Dance Of Death',96,55),('Fear Of The Dark',97,55),('Iron Maiden',98,55),('Killers',99,55),('Live After Death',100,55),('Live At Donington 1992 (Disc 1)',101,55),('Live At Donington 1992 (Disc 2)',102,55),('No Prayer For The Dying',103,55),('Piece Of Mind',104,55),('Powerslave',105,55),('Rock In Rio [CD1]',106,55),('Rock In Rio [CD2]',107,55),('Seventh Son of a Seventh Son',108,55),('Somewhere in Time',109,55),('The Number of The Beast',110,55),('The X Factor',111,55),('Virtual XI',112,55),('Emergency On Planet Earth',113,56),('The Return Of The Space Cowboy',114,56),('Get Born',115,57),('Are You Experienced?',116,58),('Surfing with the Alien (Remastered)',117,59),('Jorge Ben Jor 25 Anos',118,60),('Jota Quest-1995',119,61),('Cafezinho',120,62),('Living After Midnight',121,63),('Unplugged [Live]',122,29),('BBC Sessions [Disc 2] [Live]',123,2),('Coda',124,2),('Houses Of The Holy',125,2),('In Through The Out Door',126,2),('IV',127,2),('Led Zeppelin I',128,2),('Led Zeppelin II',129,2),('Led Zeppelin III',130,2),('Physical Graffiti [Disc 2]',131,2),('Presence',132,2),('The Song Remains The Same (Disc 1)',133,2),('The Song Remains The Same (Disc 2)',134,2),('A TempestadeTempestade Ou O Livro Dos Dias',135,64),('Mais Do Mesmo',136,64),('Greatest Hits',137,65),('Lulu Santos - RCA 100 Anos De Música - Álbum 01',138,66),('Lulu Santos - RCA 100 Anos De Música - Álbum 02',139,66),('Misplaced Childhood',140,67),('Barulhinho Bom',141,68),('The Best Of Men At Work',142,69),('Black Album',143,27),('Garage Inc. (Disc 2)',144,27),('Kill \'Em All',145,27),('Load',146,27),('Master Of Puppets',147,27),('ReLoad',148,27),('Ride The Lightning',149,27),('St. Anger',150,27),('...And Justice For All',151,27),('Miles Ahead',152,38),('Milton Nascimento Ao Vivo',153,70),('Minas',154,70),('Ace Of Spades',155,71),('Demorou...',156,72),('Motley Crue Greatest Hits',157,73),('From The Muddy Banks Of The Wishkah [Live]',158,74),('Nevermind',159,74),('Compositores',160,75),('Olodum',161,76),('Acústico MTV',162,77),('Arquivo II',163,77),('Arquivo Os Paralamas Do Sucesso',164,77),('Bark at the Moon (Remastered)',165,78),('Blizzard of Ozz',166,78),('Diary of a Madman (Remastered)',167,78),('No More Tears (Remastered)',168,78),('Tribute',169,78),('Walking Into Clarksdale',170,79),('The Beast Live',171,80),('Live On Two Legs [Live]',172,81),('Pearl Jam',173,81),('Riot Act',174,81),('Ten',175,81),('Vs.',176,81),('Dark Side Of The Moon',177,82),('Greatest Hits I',178,28),('News Of The World',179,28),('Out Of Time',180,83),('Green',181,84),('New Adventures In Hi-Fi',182,84),('The Best Of R.E.M.: The IRS Years',183,84),('Cesta Básica',184,85),('Raul Seixas',185,86),('Blood Sugar Sex Magik',186,87),('By The Way',187,87),('Californication',188,87),('Retrospective I (1974-1980)',189,88),('Santana - As Years Go By',190,36),('Santana Live',191,36),('Maquinarama',192,89),('O Samba Poconé',193,89),('Judas 0: B-Sides and Rarities',194,90),('Rotten Apples: Greatest Hits',195,90),('A-Sides',196,91),('Morning Dance',197,30),('In Step',198,92),('Core',199,93),('Mezmerize',200,94),('[1997] Black Light Syndrome',201,95),('Live [Disc 1]',202,96),('Live [Disc 2]',203,96),('The Singles',204,97),('Beyond Good And Evil',205,98),('Pure Cult: The Best Of The Cult (For Rockers, Ravers, Lovers & Sinners) [UK]',206,98),('The Doors',207,99),('The Police Greatest Hits',208,100),('Hot Rocks, 1964-1971 (Disc 1)',209,101),('No Security',210,101),('Voodoo Lounge',211,101),('Tangents',212,102),('Transmission',213,102),('My Generation - The Very Best Of The Who',214,103),('Serie Sem Limite (Disc 1)',215,104),('Serie Sem Limite (Disc 2)',216,104),('Acústico',217,105),('Volume Dois',218,105),('Heroes, Season 1',219,106),('Lost, Season 3',220,107),('Lost, Season 2',221,107),('Achtung Baby',222,108),('All That You Can\'t Leave Behind',223,108),('B-Sides 1980-1990',224,108),('How To Dismantle An Atomic Bomb',225,108),('Pop',226,108),('Rattle And Hum',227,108),('The Best Of 1980-1990',228,108),('War',229,108),('Zooropa',230,108),('Diver Down',231,109),('The Best Of Van Halen, Vol. I',232,109),('Van Halen',233,109),('Van Halen III',234,109),('Contraband',235,110),('Vinicius De Moraes',236,111),('Ao Vivo [IMPORT]',237,112),('Un-Led-Ed',238,113),('Instant Karma: The Amnesty International Campaign to Save Darfur',239,108),('Speak of the Devil',240,78),('20th Century Masters - The Millennium Collection: The Best of Scorpions',241,114),('House of Pain',242,115),('Radio Brasil (O Som da Jovem Vanguarda) - Seleccao de Henrique Amaro',243,116),('Cake: B-Sides and Rarities',244,117),('LOST, Season 4',245,107),('Quiet Songs',246,118),('Muso Ko',247,119),('Realize',248,120),('Every Kind of Light',249,121),('Duos II',250,122),('Worlds',251,123),('Temple of the Dog',252,124),('Carry On',253,125),('Revelations',254,12),('Adorate Deum: Gregorian Chant from the Proper of the Mass',255,126),('Allegri: Miserere',256,127),('Pachelbel: Canon & Gigue',257,128),('Bach: Violin Concertos',258,129),('Bach: The Cello Suites',259,130),('Handel: The Messiah (Highlights)',260,131),('The World of Classical Favourites',261,132),('Mozart: Wind Concertos',262,133),('Beethoven: Symhonies Nos. 5 & 6',263,134),('A Soprano Inspired',264,135),('Wagner: Favourite Overtures',265,136),('Fauré: Requiem, Ravel: Pavane & Others',266,137),('Tchaikovsky: The Nutcracker',267,138),('Puccini: Madama Butterfly - Highlights',268,139),('Holst: The Planets, Op. 32 & Vaughan Williams: Fantasies',269,140),('Pavarotti\'s Opera Made Easy',270,141),('Great Performances - Barber\'s Adagio and Other Romantic Favorites for Strings',271,142),('Carmina Burana',272,143),('A Copland Celebration, Vol. I',273,144),('Bach: Toccata & Fugue in D Minor',274,145),('Scheherazade',275,146),('Bach: The Brandenburg Concertos',276,147),('Chopin: Piano Concertos Nos. 1 & 2',277,148),('Mascagni: Cavalleria Rusticana',278,149),('Sibelius: Finlandia',279,150),('Great Recordings of the Century - Mahler: Das Lied von der Erde',280,151),('Elgar: Cello Concerto & Vaughan Williams: Fantasias',281,152),('Adams, John: The Chairman Dances',282,153),('Tchaikovsky: 1812 Festival Overture, Op.49, Capriccio Italien & Beethoven: Wellington\'s Victory',283,154),('Palestrina: Missa Papae Marcelli & Allegri: Miserere',284,155),('Prokofiev: Romeo & Juliet',285,156),('Strauss: Waltzes',286,140),('Berlioz: Symphonie Fantastique',287,156),('Bizet: Carmen Highlights',288,157),('English Renaissance',289,158),('Handel: Music for the Royal Fireworks (Original Version 1749)',290,128),('Grieg: Peer Gynt Suites & Sibelius: Pelléas et Mélisande',291,159),('SCRIABIN: Vers la flamme',292,160),('Armada: Music from the Courts of England and Spain',293,161),('Frank',294,162),('Carried to Dust (Bonus Track Version)',295,163),('Beethoven: Symphony No. 6 \'Pastoral\' Etc.',296,164),('Bartok: Violin & Viola Concertos',297,165),('Mendelssohn: A Midsummer Night\'s Dream',298,166),('Bach: Orchestral Suites Nos. 1 - 4',299,167),('Charpentier: Divertissements, Airs & Concerts',300,168),('South American Getaway',301,169),('Purcell: The Fairy Queen',302,170),('The Ultimate Relexation Album',303,171),('Weill: The Seven Deadly Sins',304,172),('J.S. Bach: Chaconne, Suite in E Minor, Partita in E Major & Prelude, Fugue and Allegro',305,173),('Prokofiev: Symphony No.5 & Stravinksy: Le Sacre Du Printemps',306,159),('Szymanowski: Piano Works, Vol. 1',307,174),('Great Recordings of the Century: Paganini\'s 24 Caprices',308,175),('Liszt - 12 Études D\'Execution Transcendante',309,176),('Great Recordings of the Century - Shubert: Schwanengesang, 4 Lieder',310,177),('Locatelli: Concertos for Violin, Strings and Continuo, Vol. 3',311,178),('Respighi:Pines of Rome',312,140),('Monteverdi: L\'Orfeo',313,179),('Mozart: Chamber Music',314,180);
/*!40000 ALTER TABLE `Albums` ENABLE KEYS */;
UNLOCK TABLES;

--
-- Table structure for table `Liedjes`
--

DROP TABLE IF EXISTS `Liedjes`;
/*!40101 SET @saved_cs_client     = @@character_set_client */;
/*!50503 SET character_set_client = utf8mb4 */;
CREATE TABLE `Liedjes` (
  `Titel` varchar(100) NOT NULL,
  `Duurtijd` smallint unsigned NOT NULL,
  `Genre` varchar(100) NOT NULL,
  `Royalties` tinyint unsigned DEFAULT NULL,
  `Artiesten_Id` int DEFAULT NULL,
  `Id` int NOT NULL AUTO_INCREMENT,
  PRIMARY KEY (`Id`),
  KEY `fk_Liedjes_Artiesten` (`Artiesten_Id`),
  CONSTRAINT `fk_Liedjes_Artiesten` FOREIGN KEY (`Artiesten_Id`) REFERENCES `Artiesten` (`Id`)
) ENGINE=InnoDB AUTO_INCREMENT=6239 DEFAULT CHARSET=utf8mb4 COLLATE=utf8mb4_0900_ai_ci;
/*!40101 SET character_set_client = @saved_cs_client */;

--
-- Dumping data for table `Liedjes`
--

LOCK TABLES `Liedjes` WRITE;
/*!40000 ALTER TABLE `Liedjes` DISABLE KEYS */;
INSERT INTO `Liedjes` VALUES ('Clair de Lune',75,'Klassiek',1,1,1),('Suite bergamesqu',160,'Klassiek',4,1,2),('Stairway to Heaven',420,'Rock',50,2,3),('When the Levee Breaks',320,'Blues',38,2,4),('Little Sun',300,'Rock',18,3,5),('High Class Woman',300,'Rock',18,3,6),('Little Boy Preacher',300,'Rock',18,3,7),('Saturday Nite',99,'Rap',8,4,8),('For Those About To Rock (We Salute You)',343,'Rock',20,5,9),('Put The Finger On You',205,'Rock',12,5,10),('Let\'s Get It Up',233,'Rock',14,5,11),('Inject The Venom',210,'Rock',13,5,12),('Snowballed',203,'Rock',12,5,13),('Evil Walks',263,'Rock',16,5,14),('C.O.D.',199,'Rock',12,5,15),('Breaking The Rules',263,'Rock',16,5,16),('Night Of The Long Knives',205,'Rock',12,5,17),('Spellbound',270,'Rock',17,5,18),('Balls to the Wall',342,'Rock',20,6,19),('Fast As a Shark',230,'Rock',14,6,20),('Restless and Wild',252,'Rock',16,6,21),('Princess of the Dawn',375,'Rock',23,6,22),('Go Down',331,'Rock',20,5,23),('Dog Eat Dog',215,'Rock',13,5,24),('Let There Be Rock',366,'Rock',22,5,25),('Bad Boy Boogie',267,'Rock',16,5,26),('Problem Child',325,'Rock',19,5,27),('Overdose',369,'Rock',22,5,28),('Hell Ain\'t A Bad Place To Be',254,'Rock',16,5,29),('Whole Lotta Rosie',323,'Rock',19,5,30),('Walk On Water',295,'Rock',18,7,31),('Love In An Elevator',321,'Rock',19,7,32),('Rag Doll',264,'Rock',16,7,33),('What It Takes',310,'Rock',19,7,34),('Dude (Looks Like A Lady)',264,'Rock',16,7,35),('Janie\'s Got A Gun',330,'Rock',20,7,36),('Cryin\'',309,'Rock',18,7,37),('Amazing',356,'Rock',22,7,38),('Blind Man',240,'Rock',14,7,39),('Deuces Are Wild',215,'Rock',13,7,40),('The Other Side',244,'Rock',14,7,41),('Crazy',316,'Rock',19,7,42),('Eat The Rich',251,'Rock',16,7,43),('Angel',307,'Rock',18,7,44),('Livin\' On The Edge',381,'Rock',23,7,45),('All I Really Want',284,'Rock',17,8,46),('You Oughta Know',249,'Rock',14,8,47),('Perfect',188,'Rock',11,8,48),('Hand In My Pocket',221,'Rock',13,8,49),('Right Through You',176,'Rock',11,8,50),('Forgiven',300,'Rock',18,8,51),('You Learn',239,'Rock',14,8,52),('Head Over Feet',267,'Rock',16,8,53),('Mary Jane',280,'Rock',17,8,54),('Ironic',229,'Rock',13,8,55),('Not The Doctor',227,'Rock',13,8,56),('Wake Up',293,'Rock',18,8,57),('You Oughta Know (Alternate)',491,'Rock',30,8,58),('We Die Young',152,'Rock',10,9,59),('Man In The Box',286,'Rock',17,9,60),('Sea Of Sorrow',349,'Rock',20,9,61),('Bleed The Freak',241,'Rock',14,9,62),('I Can\'t Remember',222,'Rock',13,9,63),('Love, Hate, Love',387,'Rock',23,9,64),('It Ain\'t Like That',277,'Rock',17,9,65),('Sunshine',284,'Rock',17,9,66),('Put You Down',196,'Rock',12,9,67),('Confusion',344,'Rock',20,9,68),('I Know Somethin (Bout You)',261,'Rock',16,9,69),('Real Thing',243,'Rock',14,9,70),('Desafinado',185,'Jazz',NULL,10,71),('Garota De Ipanema',285,'Jazz',NULL,10,72),('Samba De Uma Nota Só (One Note Samba)',137,'Jazz',NULL,10,73),('Por Causa De Você',169,'Jazz',NULL,10,74),('Ligia',251,'Jazz',NULL,10,75),('Fotografia',129,'Jazz',NULL,10,76),('Dindi (Dindi)',253,'Jazz',NULL,10,77),('Se Todos Fossem Iguais A Você (Instrumental)',134,'Jazz',NULL,10,78),('Falando De Amor',219,'Jazz',NULL,10,79),('Angela',169,'Jazz',NULL,10,80),('Corcovado (Quiet Nights Of Quiet Stars)',205,'Jazz',NULL,10,81),('Outra Vez',126,'Jazz',NULL,10,82),('O Boto (Bôto)',366,'Jazz',NULL,10,83),('Canta, Canta Mais',271,'Jazz',NULL,10,84),('Enter Sandman',221,'Metal',13,11,85),('Master Of Puppets',436,'Metal',26,11,86),('Harvester Of Sorrow',374,'Metal',23,11,87),('The Unforgiven',322,'Metal',19,11,88),('Sad But True',288,'Metal',17,11,89),('Creeping Death',308,'Metal',18,11,90),('Wherever I May Roam',369,'Metal',22,11,91),('Welcome Home (Sanitarium)',350,'Metal',22,11,92),('Cochise',222,'Rock',13,12,93),('Show Me How to Live',277,'Rock',17,12,94),('Gasoline',279,'Rock',17,12,95),('What You Are',249,'Rock',14,12,96),('Like a Stone',294,'Rock',18,12,97),('Set It Off',263,'Rock',16,12,98),('Shadow on the Sun',343,'Rock',20,12,99),('I am the Highway',334,'Rock',20,12,100),('Exploder',206,'Rock',12,12,101),('Hypnotize',206,'Rock',12,12,102),('Bring\'em Back Alive',329,'Rock',19,12,103),('Light My Way',303,'Rock',18,12,104),('Getaway Car',299,'Rock',18,12,105),('The Last Remaining Light',317,'Rock',19,12,106),('Your Time Has Come',255,'Rock',16,12,107),('Out Of Exile',291,'Rock',18,12,108),('Be Yourself',279,'Rock',17,12,109),('Doesn\'t Remind Me',255,'Rock',16,12,110),('Drown Me Slowly',233,'Rock',14,12,111),('Heaven\'s Dead',276,'Rock',17,12,112),('The Worm',237,'Rock',14,12,113),('Man Or Animal',233,'Rock',14,12,114),('Yesterday To Tomorrow',273,'Rock',17,12,115),('Dandelion',278,'Rock',17,12,116),('#1 Zero',299,'Rock',18,12,117),('The Curse',309,'Rock',18,12,118),('Money',147,'Blues',NULL,13,119),('Long Tall Sally',106,'Blues',NULL,13,120),('Bad Boy',116,'Blues',NULL,13,121),('Twist And Shout',161,'Blues',NULL,13,122),('Please Mr. Postman',137,'Blues',NULL,13,123),('C\'Mon Everybody',140,'Blues',NULL,13,124),('Rock \'N\' Roll Music',141,'Blues',NULL,13,125),('Slow Down',163,'Blues',NULL,13,126),('Roadrunner',143,'Blues',NULL,13,127),('Carol',143,'Blues',NULL,13,128),('Good Golly Miss Molly',106,'Blues',NULL,13,129),('20 Flight Rock',107,'Blues',NULL,13,130),('Quadrant',261,'Jazz',NULL,14,131),('Snoopy\'s search-Red baron',456,'Jazz',NULL,14,132),('Moon germs',294,'Jazz',NULL,14,133),('Stratus',582,'Jazz',NULL,14,134),('The pleasant pheasant',318,'Jazz',NULL,14,135),('Solo-Panhandler',246,'Jazz',NULL,14,136),('Do what cha wanna',274,'Jazz',NULL,14,137),('Intro/ Low Down',323,'Metal',19,15,138),('13 Years Of Grief',246,'Metal',14,15,139),('Stronger Than Death',300,'Metal',18,15,140),('All For You',235,'Metal',14,15,141),('Super Terrorizer',319,'Metal',19,15,142),('Phoney Smile Fake Hellos',273,'Metal',17,15,143),('Lost My Better Half',284,'Metal',17,15,144),('Bored To Tears',247,'Metal',14,15,145),('A.N.D.R.O.T.A.Z.',266,'Metal',16,15,146),('Born To Booze',282,'Metal',17,15,147),('World Of Trouble',359,'Metal',22,15,148),('No More Tears',555,'Metal',34,15,149),('The Begining... At Last',365,'Metal',22,15,150),('Heart Of Gold',194,'Metal',12,15,151),('Snowblind',420,'Metal',25,15,152),('Like A Bird',276,'Metal',17,15,153),('Blood In The Wall',284,'Metal',17,15,154),('The Beginning...At Last',271,'Metal',17,15,155),('Black Sabbath',382,'Metal',23,16,156),('The Wizard',264,'Metal',16,16,157),('Behind The Wall Of Sleep',217,'Metal',13,16,158),('N.I.B.',368,'Metal',22,16,159),('Evil Woman',204,'Metal',12,16,160),('Sleeping Village',644,'Metal',38,16,161),('Warning',212,'Metal',13,16,162),('Wheels Of Confusion / The Straightener',494,'Metal',30,16,163),('Tomorrow\'s Dream',192,'Metal',12,16,164),('Changes',286,'Metal',17,16,165),('FX',103,'Metal',6,16,166),('Supernaut',285,'Metal',17,16,167),('Snowblind',331,'Metal',20,16,168),('Cornucopia',234,'Metal',14,16,169),('Laguna Sunrise',173,'Metal',11,16,170),('St. Vitus Dance',149,'Metal',8,16,171),('Under The Sun/Every Day Comes and Goes',350,'Metal',22,16,172),('Smoked Pork',47,'Rock',2,17,173),('Body Count\'s In The House',204,'Rock',12,17,174),('Now Sports',4,'Rock',0,17,175),('Body Count',317,'Rock',19,17,176),('A Statistic',6,'Rock',0,17,177),('Bowels Of The Devil',223,'Rock',13,17,178),('The Real Problem',11,'Rock',1,17,179),('KKK Bitch',173,'Rock',11,17,180),('D Note',95,'Rock',6,17,181),('Voodoo',300,'Rock',18,17,182),('The Winner Loses',392,'Rock',24,17,183),('There Goes The Neighborhood',350,'Rock',22,17,184),('Oprah',6,'Rock',0,17,185),('Evil Dick',239,'Rock',14,17,186),('Body Count Anthem',166,'Rock',10,17,187),('Momma\'s Gotta Die Tonight',371,'Rock',23,17,188),('Freedom Of Speech',281,'Rock',17,17,189),('King In Crimson',283,'Metal',17,18,190),('Chemical Wedding',246,'Metal',14,18,191),('The Tower',285,'Metal',17,18,192),('Killing Floor',269,'Metal',16,18,193),('Book Of Thel',494,'Metal',30,18,194),('Gates Of Urizen',265,'Metal',16,18,195),('Jerusalem',402,'Metal',24,18,196),('Trupets Of Jericho',359,'Metal',22,18,197),('Machine Men',341,'Metal',20,18,198),('The Alchemist',509,'Metal',30,18,199),('Realword',237,'Metal',14,18,200),('First Time I Met The Blues',140,'Blues',NULL,19,201),('Let Me Love You Baby',175,'Blues',NULL,19,202),('Stone Crazy',433,'Blues',NULL,19,203),('Pretty Baby',237,'Blues',NULL,19,204),('When My Left Eye Jumps',235,'Blues',NULL,19,205),('Leave My Girl Alone',204,'Blues',NULL,19,206),('She Suits Me To A Tee',136,'Blues',NULL,19,207),('Keep It To Myself (Aka Keep It To Yourself)',166,'Blues',NULL,19,208),('My Time After Awhile',182,'Blues',NULL,19,209),('Too Many Ways (Alternate)',135,'Blues',NULL,19,210),('Talkin\' \'Bout Women Obviously',589,'Blues',NULL,19,211),('Jorge Da Capadócia',177,'Wereldmuziek',NULL,20,212),('Prenda Minha',99,'Wereldmuziek',NULL,20,213),('Meditação',148,'Wereldmuziek',NULL,20,214),('Terra',482,'Wereldmuziek',NULL,20,215),('Eclipse Oculto',221,'Wereldmuziek',NULL,20,216),('Bem Devagar',133,'Wereldmuziek',NULL,20,217),('Drão',156,'Wereldmuziek',NULL,20,218),('Saudosismo',144,'Wereldmuziek',NULL,20,219),('Carolina',181,'Wereldmuziek',NULL,20,220),('Sozinho',190,'Wereldmuziek',NULL,20,221),('Esse Cara',223,'Wereldmuziek',NULL,20,222),('Mel',294,'Wereldmuziek',NULL,20,223),('Linha Do Equador',299,'Wereldmuziek',NULL,20,224),('Odara',141,'Wereldmuziek',NULL,20,225),('A Luz De Tieta',251,'Wereldmuziek',NULL,20,226),('Atrás Da Verd-E-Rosa Só Não Vai Quem Já Morreu',307,'Wereldmuziek',NULL,20,227),('Vida Boa',281,'Wereldmuziek',NULL,20,228),('Sozinho (Hitmakers Classic Mix)',436,'Wereldmuziek',NULL,20,229),('Sozinho (Hitmakers Classic Radio Edit)',195,'Wereldmuziek',NULL,20,230),('Sozinho (Caêdrum \'n\' Bass)',328,'Wereldmuziek',NULL,20,231),('Carolina',163,'Wereldmuziek',NULL,21,232),('Essa Moça Ta Diferente',167,'Wereldmuziek',NULL,21,233),('Vai Passar',369,'Wereldmuziek',NULL,21,234),('Samba De Orly',162,'Wereldmuziek',NULL,21,235),('Bye, Bye Brasil',283,'Wereldmuziek',NULL,21,236),('Atras Da Porta',189,'Wereldmuziek',NULL,21,237),('Tatuagem',172,'Wereldmuziek',NULL,21,238),('O Que Será (À Flor Da Terra)',167,'Wereldmuziek',NULL,21,239),('Morena De Angola',186,'Wereldmuziek',NULL,21,240),('Apesar De Você',234,'Wereldmuziek',NULL,21,241),('A Banda',132,'Wereldmuziek',NULL,21,242),('Minha Historia',182,'Wereldmuziek',NULL,21,243),('Com Açúcar E Com Afeto',175,'Wereldmuziek',NULL,21,244),('Brejo Da Cruz',214,'Wereldmuziek',NULL,21,245),('Meu Caro Amigo',260,'Wereldmuziek',NULL,21,246),('Geni E O Zepelim',317,'Wereldmuziek',NULL,21,247),('Trocando Em Miúdos',169,'Wereldmuziek',NULL,21,248),('Vai Trabalhar Vagabundo',139,'Wereldmuziek',NULL,21,249),('Gota D\'água',153,'Wereldmuziek',NULL,21,250),('Construção / Deus Lhe Pague',383,'Wereldmuziek',NULL,21,251),('Meia-Lua Inteira',222,'Wereldmuziek',NULL,21,252),('Voce e Linda',242,'Wereldmuziek',NULL,21,253),('Um Indio',195,'Wereldmuziek',NULL,21,254),('Podres Poderes',259,'Wereldmuziek',NULL,21,255),('Voce Nao Entende Nada - Cotidiano',421,'Wereldmuziek',NULL,21,256),('O Estrangeiro',374,'Wereldmuziek',NULL,21,257),('Menino Do Rio',147,'Wereldmuziek',NULL,21,258),('Qualquer Coisa',193,'Wereldmuziek',NULL,21,259),('Sampa',185,'Wereldmuziek',NULL,21,260),('Queixa',299,'Wereldmuziek',NULL,21,261),('O Leaozinho',184,'Wereldmuziek',NULL,21,262),('Fora Da Ordem',354,'Wereldmuziek',NULL,21,263),('Terra',401,'Wereldmuziek',NULL,21,264),('Alegria, Alegria',169,'Wereldmuziek',NULL,21,265),('Mateus Enter',33,'Wereldmuziek',NULL,22,266),('O Cidadão Do Mundo',200,'Wereldmuziek',NULL,22,267),('Etnia',152,'Wereldmuziek',NULL,22,268),('Quilombo Groove [Instrumental]',151,'Wereldmuziek',NULL,22,269),('Macô',249,'Wereldmuziek',NULL,22,270),('Um Passeio No Mundo Livre',240,'Wereldmuziek',NULL,22,271),('Samba Do Lado',227,'Wereldmuziek',NULL,22,272),('Maracatu Atômico',284,'Wereldmuziek',NULL,22,273),('O Encontro De Isaac Asimov Com Santos Dumont No Céu',99,'Wereldmuziek',NULL,22,274),('Corpo De Lama',232,'Wereldmuziek',NULL,22,275),('Sobremesa',240,'Wereldmuziek',NULL,22,276),('Manguetown',194,'Wereldmuziek',NULL,22,277),('Um Satélite Na Cabeça',126,'Wereldmuziek',NULL,22,278),('Baião Ambiental [Instrumental]',152,'Wereldmuziek',NULL,22,279),('Sangue De Bairro',132,'Wereldmuziek',NULL,22,280),('Enquanto O Mundo Explode',88,'Wereldmuziek',NULL,22,281),('Interlude Zumbi',71,'Wereldmuziek',NULL,22,282),('Criança De Domingo',208,'Wereldmuziek',NULL,22,283),('Amor De Muito',175,'Wereldmuziek',NULL,22,284),('Samidarish [Instrumental]',272,'Wereldmuziek',NULL,22,285),('Maracatu Atômico [Atomic Version]',273,'Wereldmuziek',NULL,22,286),('Maracatu Atômico [Ragga Mix]',210,'Wereldmuziek',NULL,22,287),('Maracatu Atômico [Trip Hop]',221,'Wereldmuziek',NULL,22,288),('Banditismo Por Uma Questa',307,'Wereldmuziek',NULL,22,289),('Rios Pontes & Overdrives',286,'Wereldmuziek',NULL,22,291),('Cidade',216,'Wereldmuziek',NULL,22,292),('Praiera',183,'Wereldmuziek',NULL,22,293),('Samba Makossa',271,'Wereldmuziek',NULL,22,294),('Da Lama Ao Caos',251,'Wereldmuziek',NULL,22,295),('Maracatu De Tiro Certeiro',88,'Wereldmuziek',NULL,22,296),('Salustiano Song',215,'Wereldmuziek',NULL,22,297),('Antene Se',248,'Wereldmuziek',NULL,22,298),('Risoflora',105,'Wereldmuziek',NULL,22,299),('Lixo Do Mangue',193,'Wereldmuziek',NULL,22,300),('Computadores Fazem Arte',404,'Wereldmuziek',NULL,22,301),('Noite Do Prazer',311,'Wereldmuziek',NULL,23,302),('À Francesa',244,'Wereldmuziek',NULL,23,303),('Cada Um Cada Um (A Namoradeira)',253,'Wereldmuziek',NULL,23,304),('Linha Do Equador',244,'Wereldmuziek',NULL,23,305),('Amor Demais',254,'Wereldmuziek',NULL,23,306),('Férias',264,'Wereldmuziek',NULL,23,307),('Gostava Tanto De Você',230,'Wereldmuziek',NULL,23,308),('Flor Do Futuro',275,'Wereldmuziek',NULL,23,309),('Felicidade Urgente',266,'Wereldmuziek',NULL,23,310),('Livre Pra Viver',214,'Wereldmuziek',NULL,23,311),('Dig-Dig, Lambe-Lambe (Ao Vivo)',205,'Pop',NULL,24,312),('Pererê',198,'Pop',NULL,24,313),('TriboTchan',194,'Pop',NULL,24,314),('Tapa Aqui, Descobre Ali',188,'Pop',NULL,24,315),('Daniela',230,'Pop',NULL,24,316),('Bate Lata',206,'Pop',NULL,24,317),('Garotas do Brasil',210,'Pop',NULL,24,318),('Levada do Amor (Ailoviu)',190,'Pop',NULL,24,319),('Lavadeira',214,'Pop',NULL,24,320),('Reboladeira',210,'Pop',NULL,24,321),('É que Nessa Encarnação Eu Nasci Manga',196,'Pop',NULL,24,322),('My Love',203,'Pop',NULL,24,323),('Latinha de Cerveja',166,'Pop',NULL,24,324),('You Shook Me',315,'Rock',38,2,325),('I Can\'t Quit You Baby',263,'Rock',31,2,326),('Communication Breakdown',192,'Rock',23,2,327),('Dazed and Confused',401,'Rock',48,2,328),('The Girl I Love She Got Long Black Wavy Hair',183,'Rock',22,2,329),('What is and Should Never Be',260,'Rock',31,2,330),('Communication Breakdown(2)',161,'Rock',19,2,331),('Travelling Riverside Blues',312,'Rock',37,2,332),('Whole Lotta Love',373,'Rock',44,2,333),('Somethin\' Else',127,'Rock',16,2,334),('Communication Breakdown(3)',185,'Rock',23,2,335),('I Can\'t Quit You Baby(2)',380,'Rock',46,2,336),('You Shook Me(2)',619,'Rock',74,2,337),('How Many More Times',711,'Rock',85,2,338),('Debra Kadabra',234,'Rock',14,25,339),('Carolina Hard-Core Ecstasy',359,'Rock',22,25,340),('Sam With The Showing Scalp Flat Top',171,'Rock',11,25,341),('Poofter\'s Froth Wyoming Plans Ahead',183,'Rock',11,25,342),('200 Years Old',272,'Rock',17,25,343),('Cucamonga',144,'Rock',8,25,344),('Advance Romance',677,'Rock',41,25,345),('Man With The Woman Head',88,'Rock',5,25,346),('Muffin Man',332,'Rock',20,25,347),('Guanabara',247,'Wereldmuziek',NULL,26,348),('Mas Que Nada',248,'Wereldmuziek',NULL,26,349),('Vôo Sobre o Horizonte',225,'Wereldmuziek',NULL,26,350),('A Paz',263,'Wereldmuziek',NULL,26,351),('Wave (Vou te Contar)',271,'Wereldmuziek',NULL,26,352),('Água de Beber',146,'Wereldmuziek',NULL,26,353),('Samba da Bençaco',282,'Wereldmuziek',NULL,26,354),('Pode Parar',179,'Wereldmuziek',NULL,26,355),('Menino do Rio',262,'Wereldmuziek',NULL,26,356),('Ando Meio Desligado',195,'Wereldmuziek',NULL,26,357),('Mistério da Raça',184,'Wereldmuziek',NULL,26,358),('All Star',176,'Wereldmuziek',NULL,26,359),('Menina Bonita',237,'Wereldmuziek',NULL,26,360),('Pescador de Ilusões',245,'Wereldmuziek',NULL,26,361),('À Vontade (Live Mix)',180,'Wereldmuziek',NULL,26,362),('Maria Fumaça',141,'Wereldmuziek',NULL,26,363),('Sambassim (dj patife remix)',213,'Wereldmuziek',NULL,26,364),('Tim Tim Por Tim Tim',213,'Wereldmuziek',NULL,10,366),('Tarde Em Itapoã',313,'Wereldmuziek',NULL,10,367),('Tanto Tempo',170,'Wereldmuziek',NULL,10,368),('Eu Vim Da Bahia - Live',157,'Wereldmuziek',NULL,10,369),('Alô Alô Marciano',238,'Wereldmuziek',NULL,10,370),('Linha Do Horizonte',279,'Wereldmuziek',NULL,10,371),('Only A Dream In Rio',371,'Wereldmuziek',NULL,10,372),('Abrir A Porta',271,'Wereldmuziek',NULL,10,373),('Alice',165,'Wereldmuziek',NULL,10,374),('Momentos Que Marcam',280,'Wereldmuziek',NULL,10,375),('Um Jantar Pra Dois',237,'Wereldmuziek',NULL,10,376),('Bumbo Da Mangueira',270,'Wereldmuziek',NULL,10,377),('Mr Funk Samba',213,'Wereldmuziek',NULL,10,378),('Santo Antonio',162,'Wereldmuziek',NULL,10,379),('Por Você',205,'Wereldmuziek',NULL,10,380),('Só Tinha De Ser Com Você',389,'Wereldmuziek',NULL,10,381),('Free Speech For The Dumb',155,'Metal',10,27,382),('It\'s Electric',213,'Metal',13,27,383),('Sabbra Cadabra',380,'Metal',23,27,384),('Turn The Page',366,'Metal',22,27,385),('Die Die My Darling',149,'Metal',8,27,386),('Loverman',472,'Metal',29,27,387),('Mercyful Fate',671,'Metal',41,27,388),('Astronomy',397,'Metal',24,27,389),('Whiskey In The Jar',305,'Metal',18,27,390),('Tuesday\'s Gone',545,'Metal',32,27,391),('The More I See',287,'Metal',17,27,392),('A Kind Of Magic',262,'Rock',16,28,393),('Under Pressure',236,'Rock',14,28,394),('Radio GA GA',343,'Rock',20,28,395),('I Want It All',241,'Rock',14,28,396),('I Want To Break Free',259,'Rock',16,28,397),('Innuendo',387,'Rock',23,28,398),('It\'s A Hard Life',249,'Rock',14,28,399),('Breakthru',249,'Rock',14,28,400),('Who Wants To Live Forever',297,'Rock',18,28,401),('Headlong',273,'Rock',17,28,402),('The Miracle',294,'Rock',18,28,403),('I\'m Going Slightly Mad',248,'Rock',14,28,404),('The Invisible Man',238,'Rock',14,28,405),('Hammer To Fall',220,'Rock',13,28,406),('Friends Will Be Friends',248,'Rock',14,28,407),('The Show Must Go On',263,'Rock',16,28,408),('One Vision',242,'Rock',14,28,409),('Detroit Rock City',218,'Rock',13,29,410),('Black Diamond',314,'Rock',19,29,411),('Hard Luck Woman',216,'Rock',13,29,412),('Sure Know Something',242,'Rock',14,29,413),('Love Gun',196,'Rock',12,29,414),('Deuce',185,'Rock',11,29,415),('Goin\' Blind',216,'Rock',13,29,416),('Shock Me',227,'Rock',13,29,417),('Do You Love Me',214,'Rock',13,29,418),('She',248,'Rock',14,29,419),('I Was Made For Loving You',271,'Rock',17,29,420),('Shout It Out Loud',219,'Rock',13,29,421),('God Of Thunder',255,'Rock',16,29,422),('Calling Dr. Love',225,'Rock',13,29,423),('Beth',166,'Rock',10,29,424),('Strutter',192,'Rock',12,29,425),('Rock And Roll All Nite',173,'Rock',11,29,426),('Cold Gin',262,'Rock',16,29,427),('Plaster Caster',207,'Rock',12,29,428),('God Gave Rock \'n\' Roll To You',320,'Rock',19,29,429),('Heart of the Night',273,'Jazz',NULL,30,430),('De La Luz',315,'Jazz',NULL,30,431),('Westwood Moon',295,'Jazz',NULL,30,432),('Midnight',266,'Jazz',NULL,30,433),('Playtime',273,'Jazz',NULL,30,434),('Surrender',287,'Jazz',NULL,30,435),('Valentino\'s',296,'Jazz',NULL,30,436),('Believe',310,'Jazz',NULL,30,437),('As We Sleep',316,'Jazz',NULL,30,438),('When Evening Falls',298,'Jazz',NULL,30,439),('J Squared',288,'Jazz',NULL,30,440),('Best Thing',274,'Jazz',NULL,30,441),('Maria',167,'Rock',10,31,442),('Poprocks And Coke',158,'Rock',10,31,443),('Longview',234,'Rock',14,31,444),('Welcome To Paradise',224,'Rock',13,31,445),('Basket Case',181,'Rock',11,31,446),('When I Come Around',178,'Rock',11,31,447),('She',134,'Rock',8,31,448),('J.A.R. (Jason Andrew Relva)',170,'Rock',11,31,449),('Geek Stink Breath',135,'Rock',8,31,450),('Brain Stew',193,'Rock',12,31,451),('Jaded',90,'Rock',6,31,452),('Walking Contradiction',151,'Rock',10,31,453),('Stuck With Me',135,'Rock',8,31,454),('Hitchin\' A Ride',171,'Rock',11,31,455),('Good Riddance (Time Of Your Life)',153,'Rock',10,31,456),('Redundant',198,'Rock',12,31,457),('Nice Guys Finish Last',170,'Rock',11,31,458),('Minority',168,'Rock',10,31,459),('Warning',221,'Rock',13,31,460),('Waiting',192,'Rock',12,31,461),('Macy\'s Day Parade',213,'Rock',13,31,462),('Into The Light',76,'Rock',5,32,463),('River Song',439,'Rock',26,32,464),('She Give Me ...',252,'Rock',16,32,465),('Don\'t You Cry',347,'Rock',20,32,466),('Love Is Blind',344,'Rock',20,32,467),('Slave',291,'Rock',18,32,468),('Cry For Love',293,'Rock',18,32,469),('Living On Love',391,'Rock',24,32,470),('Midnight Blue',298,'Rock',18,32,471),('Too Many Tears',359,'Rock',22,32,472),('Don\'t Lie To Me',283,'Rock',17,32,473),('Wherever You May Go',239,'Rock',14,32,474),('Grito De Alerta',202,'Wereldmuziek',NULL,33,475),('Não Dá Mais Pra Segurar (Explode Coração)',219,'Wereldmuziek',NULL,33,476),('Começaria Tudo Outra Vez',196,'Wereldmuziek',NULL,33,477),('O Que É O Que É ?',259,'Wereldmuziek',NULL,33,478),('Sangrando',169,'Wereldmuziek',NULL,33,479),('Diga Lá, Coração',255,'Wereldmuziek',NULL,33,480),('Lindo Lago Do Amor',249,'Wereldmuziek',NULL,33,481),('Eu Apenas Queria Que Voçê Soubesse',155,'Wereldmuziek',NULL,33,482),('Com A Perna No Mundo',227,'Wereldmuziek',NULL,33,483),('E Vamos À Luta',222,'Wereldmuziek',NULL,33,484),('Um Homem Também Chora (Guerreiro Menino)',207,'Wereldmuziek',NULL,33,485),('Comportamento Geral',181,'Wereldmuziek',NULL,33,486),('Ponto De Interrogação',180,'Wereldmuziek',NULL,33,487),('Espere Por Mim, Morena',207,'Wereldmuziek',NULL,33,488),('Balada Do Louco',241,'Rock',14,34,489),('Ando Meio Desligado',287,'Rock',17,34,490),('Top Top',146,'Rock',8,34,491),('Baby',177,'Rock',11,34,492),('A E O Z',518,'Rock',31,34,493),('Panis Et Circenses',125,'Rock',7,34,494),('Chão De Estrelas',284,'Rock',17,34,495),('Vida De Cachorro',195,'Rock',12,34,496),('Bat Macumba',187,'Rock',11,34,497),('Desculpe Babe',170,'Rock',11,34,498),('Rita Lee',189,'Rock',11,34,499),('Posso Perder Minha Mulher, Minha Mãe, Desde Que Eu Tenha O Rock And Roll',222,'Rock',13,34,500),('Banho De Lua',221,'Rock',13,34,501),('Meu Refrigerador Não Funciona',382,'Rock',23,34,502),('Burn',453,'Rock',28,35,503),('Stormbringer',277,'Rock',17,35,504),('Gypsy',339,'Rock',20,35,505),('Lady Double Dealer',233,'Rock',14,35,506),('Mistreated',758,'Rock',46,35,507),('Smoke On The Water',618,'Rock',37,35,508),('You Fool No One',804,'Rock',48,35,509),('Custard Pie',253,'Rock',30,2,510),('The Rover',337,'Rock',41,2,511),('In My Time Of Dying',666,'Rock',80,2,512),('Houses Of The Holy',242,'Rock',29,2,513),('Trampled Under Foot',336,'Rock',41,2,514),('Kashmir',508,'Rock',61,2,515),('Imperatriz',339,'Wereldmuziek',NULL,24,516),('Beija-Flor',327,'Wereldmuziek',NULL,24,517),('Viradouro',344,'Wereldmuziek',NULL,24,518),('Mocidade',261,'Wereldmuziek',NULL,24,519),('Unidos Da Tijuca',338,'Wereldmuziek',NULL,24,520),('Salgueiro',305,'Wereldmuziek',NULL,24,521),('Mangueira',298,'Wereldmuziek',NULL,24,522),('União Da Ilha',330,'Wereldmuziek',NULL,24,523),('Grande Rio',307,'Wereldmuziek',NULL,24,524),('Portela',319,'Wereldmuziek',NULL,24,525),('Caprichosos',351,'Wereldmuziek',NULL,24,526),('Tradição',269,'Wereldmuziek',NULL,24,527),('Império Serrano',334,'Wereldmuziek',NULL,24,528),('Tuiuti',259,'Wereldmuziek',NULL,24,529),('(Da Le) Yaleo',353,'Rock',22,36,530),('Love Of My Life',347,'Rock',20,36,531),('Put Your Lights On',285,'Rock',17,36,532),('Africa Bamba',282,'Rock',17,36,533),('Smooth',298,'Rock',18,36,534),('Do You Like The Way',354,'Rock',22,36,535),('Maria Maria',262,'Rock',16,36,536),('Migra',329,'Rock',19,36,537),('Corazon Espinado',276,'Rock',17,36,538),('Wishing It Was',292,'Rock',18,36,539),('El Farol',291,'Rock',18,36,540),('Primavera',378,'Rock',23,36,541),('The Calling',747,'Rock',44,36,542),('Solução',247,'Wereldmuziek',NULL,37,543),('Manuel',230,'Wereldmuziek',NULL,37,544),('Entre E Ouça',286,'Wereldmuziek',NULL,37,545),('Um Contrato Com Deus',202,'Wereldmuziek',NULL,37,546),('Um Jantar Pra Dois',244,'Wereldmuziek',NULL,37,547),('Vamos Dançar',226,'Wereldmuziek',NULL,37,548),('Um Love',181,'Wereldmuziek',NULL,37,549),('Seis Da Tarde',238,'Wereldmuziek',NULL,37,550),('Baixo Rio',198,'Wereldmuziek',NULL,37,551),('Sombras Do Meu Destino',280,'Wereldmuziek',NULL,37,552),('Do You Have Other Loves?',295,'Wereldmuziek',NULL,37,553),('Agora Que O Dia Acordou',323,'Wereldmuziek',NULL,37,554),('Já!!!',217,'Wereldmuziek',NULL,37,555),('A Rua',238,'Wereldmuziek',NULL,37,556),('Now\'s The Time',197,'Jazz',NULL,38,557),('Jeru',193,'Jazz',NULL,38,558),('Compulsion',345,'Jazz',NULL,38,559),('Tempus Fugit',231,'Jazz',NULL,38,560),('Walkin\'',807,'Jazz',NULL,38,561),('\'Round Midnight',357,'Jazz',NULL,38,562),('Bye Bye Blackbird',476,'Jazz',NULL,38,563),('New Rhumba',277,'Jazz',NULL,38,564),('Generique',168,'Jazz',NULL,38,565),('Summertime',200,'Jazz',NULL,38,566),('So What',564,'Jazz',NULL,38,567),('The Pan Piper',233,'Jazz',NULL,38,568),('Someday My Prince Will Come',544,'Jazz',NULL,38,569),('My Funny Valentine (Live)',907,'Jazz',NULL,38,570),('E.S.P.',330,'Jazz',NULL,38,571),('Nefertiti',473,'Jazz',NULL,38,572),('Petits Machins (Little Stuff)',487,'Jazz',NULL,38,573),('Miles Runs The Voodoo Down',843,'Jazz',NULL,38,574),('Little Church (Live)',196,'Jazz',NULL,38,575),('Black Satin',316,'Jazz',NULL,38,576),('Jean Pierre (Live)',243,'Jazz',NULL,38,577),('Time After Time',220,'Jazz',NULL,38,578),('Portia',378,'Jazz',NULL,38,579),('Space Truckin\'',1196,'Rock',72,35,580),('Going Down / Highway Star',913,'Rock',55,35,581),('Mistreated (Alternate Version)',854,'Rock',52,35,582),('You Fool No One (Alternate Version)',763,'Rock',46,35,583),('Jeepers Creepers',185,'Jazz',NULL,39,584),('Blue Rythm Fantasy',348,'Jazz',NULL,39,585),('Drum Boogie',191,'Jazz',NULL,39,586),('Let Me Off Uptown',187,'Jazz',NULL,39,587),('Leave Us Leap',182,'Jazz',NULL,39,588),('Opus No.1',179,'Jazz',NULL,39,589),('Boogie Blues',204,'Jazz',NULL,39,590),('How High The Moon',201,'Jazz',NULL,39,591),('Disc Jockey Jump',193,'Jazz',NULL,39,592),('Up An\' Atom',179,'Jazz',NULL,39,593),('Bop Boogie',189,'Jazz',NULL,39,594),('Lemon Drop',194,'Jazz',NULL,39,595),('Coronation Drop',176,'Jazz',NULL,39,596),('Overtime',163,'Jazz',NULL,39,597),('Imagination',289,'Jazz',NULL,39,598),('Don\'t Take Your Love From Me',282,'Jazz',NULL,39,599),('Midget',217,'Jazz',NULL,39,600),('I\'m Coming Virginia',280,'Jazz',NULL,39,601),('Payin\' Them Dues Blues',198,'Jazz',NULL,39,602),('Jungle Drums',199,'Jazz',NULL,39,603),('Showcase',201,'Jazz',NULL,39,604),('Swedish Schnapps',191,'Jazz',NULL,39,605),('Linha de Passe (João Bosco)',230,'Wereldmuziek',NULL,24,606),('Pela Luz dos Olhos Teus (Miúcha e Tom Jobim)',163,'Wereldmuziek',NULL,24,607),('Chão de Giz (Elba Ramalho)',274,'Wereldmuziek',NULL,24,608),('Marina (Dorival Caymmi)',172,'Wereldmuziek',NULL,24,609),('Coração do Agreste (Fafá de Belém)',258,'Wereldmuziek',NULL,24,610),('Dona (Roupa Nova)',243,'Wereldmuziek',NULL,24,611),('Começaria Tudo Outra Vez (Maria Creuza)',206,'Wereldmuziek',NULL,24,612),('Caçador de Mim (Sá & Guarabyra)',238,'Wereldmuziek',NULL,24,613),('Romaria (Renato Teixeira)',244,'Wereldmuziek',NULL,24,614),('As Rosas Não Falam (Beth Carvalho)',116,'Wereldmuziek',NULL,24,615),('Wave (Os Cariocas)',130,'Wereldmuziek',NULL,24,616),('Garota de Ipanema (Dick Farney)',174,'Wereldmuziek',NULL,24,617),('Preciso Apender a Viver Só (Maysa)',143,'Wereldmuziek',NULL,24,618),('Susie Q',275,'Rock',17,40,619),('I Put A Spell On You',272,'Rock',17,40,620),('Proud Mary',189,'Rock',11,40,621),('Bad Moon Rising',140,'Rock',8,40,622),('Lodi',191,'Rock',12,40,623),('Green River',154,'Rock',10,40,624),('Commotion',162,'Rock',10,40,625),('Down On The Corner',164,'Rock',10,40,626),('Fortunate Son',140,'Rock',8,40,627),('Travelin\' Band',129,'Rock',7,40,628),('Who\'ll Stop The Rain',149,'Rock',8,40,629),('Up Around The Bend',162,'Rock',10,40,630),('Run Through The Jungle',186,'Rock',11,40,631),('Lookin\' Out My Back Door',152,'Rock',10,40,632),('Long As I Can See The Light',213,'Rock',13,40,633),('I Heard It Through The Grapevine',664,'Rock',40,40,634),('Have You Ever Seen The Rain?',160,'Rock',10,40,635),('Hey Tonight',162,'Rock',10,40,636),('Sweet Hitch-Hiker',175,'Rock',11,40,637),('Someday Never Comes',239,'Rock',14,40,638),('Walking On The Water',281,'Rock',17,40,639),('Suzie-Q, Pt. 2',244,'Rock',14,40,640),('Born On The Bayou',316,'Rock',19,40,641),('Good Golly Miss Molly',163,'Rock',10,40,642),('Tombstone Shadow',218,'Rock',13,40,643),('Wrote A Song For Everyone',296,'Rock',18,40,644),('Night Time Is The Right Time',190,'Rock',12,40,645),('Cotton Fields',178,'Rock',11,40,646),('It Came Out Of The Sky',176,'Rock',11,40,647),('Don\'t Look Now',131,'Rock',8,40,648),('The Midnight Special',253,'Rock',16,40,649),('Before You Accuse Me',207,'Rock',12,40,650),('My Baby Left Me',140,'Rock',8,40,651),('Pagan Baby',385,'Rock',23,40,652),('(Wish I Could) Hideaway',228,'Rock',13,40,653),('It\'s Just A Thought',237,'Rock',14,40,654),('Molina',163,'Rock',10,40,655),('Born To Move',342,'Rock',20,40,656),('Lookin\' For A Reason',209,'Rock',12,40,657),('Hello Mary Lou',132,'Rock',8,40,658),('Gatas Extraordinárias',212,'Wereldmuziek',NULL,41,659),('Brasil',243,'Wereldmuziek',NULL,41,660),('Eu Sou Neguinha (Ao Vivo)',251,'Wereldmuziek',NULL,41,661),('Geração Coca-Cola (Ao Vivo)',228,'Wereldmuziek',NULL,41,662),('Lanterna Dos Afogados',204,'Wereldmuziek',NULL,41,663),('Coroné Antonio Bento',200,'Wereldmuziek',NULL,41,664),('Você Passa, Eu Acho Graça (Ao Vivo)',206,'Wereldmuziek',NULL,41,665),('Meu Mundo Fica Completo (Com Você)',247,'Wereldmuziek',NULL,41,666),('1° De Julho',270,'Wereldmuziek',NULL,41,667),('Música Urbana 2',194,'Wereldmuziek',NULL,41,668),('Vida Bandida (Ao Vivo)',192,'Wereldmuziek',NULL,41,669),('Palavras Ao Vento',212,'Wereldmuziek',NULL,41,670),('Não Sei O Que Eu Quero Da Vida',151,'Wereldmuziek',NULL,41,671),('Woman Is The Nigger Of The World (Ao Vivo)',298,'Wereldmuziek',NULL,41,672),('Juventude Transviada (Ao Vivo)',278,'Wereldmuziek',NULL,41,673),('Malandragem',247,'Wereldmuziek',NULL,41,674),('O Segundo Sol',252,'Wereldmuziek',NULL,41,675),('Smells Like Teen Spirit (Ao Vivo)',316,'Wereldmuziek',NULL,41,676),('E.C.T.',227,'Wereldmuziek',NULL,41,677),('Todo Amor Que Houver Nesta Vida',227,'Wereldmuziek',NULL,41,678),('Metrô. Linha 743',174,'Wereldmuziek',NULL,41,679),('Nós (Ao Vivo)',193,'Wereldmuziek',NULL,41,680),('Na Cadência Do Samba',196,'Wereldmuziek',NULL,41,681),('Admirável Gado Novo',274,'Wereldmuziek',NULL,41,682),('Eleanor Rigby',189,'Wereldmuziek',NULL,41,683),('Socorro',258,'Wereldmuziek',NULL,41,684),('Blues Da Piedade',257,'Wereldmuziek',NULL,41,685),('Rubens',211,'Wereldmuziek',NULL,41,686),('Não Deixe O Samba Morrer - Cassia Eller e Alcione',268,'Wereldmuziek',NULL,41,687),('Mis Penas Lloraba Yo (Ao Vivo) Soy Gitano (Tangos)',188,'Wereldmuziek',NULL,41,688),('Comin\' Home',235,'Rock',14,35,689),('Lady Luck',168,'Rock',10,35,690),('Gettin\' Tighter',218,'Rock',13,35,691),('Dealer',230,'Rock',14,35,692),('I Need Love',263,'Rock',16,35,693),('Drifter',242,'Rock',14,35,694),('Love Child',188,'Rock',11,35,695),('This Time Around / Owed to \'G\' [Instrumental]',370,'Rock',23,35,696),('You Keep On Moving',319,'Rock',19,35,697),('Speed King',264,'Rock',16,35,698),('Bloodsucker',256,'Rock',16,35,699),('Child In Time',620,'Rock',37,35,700),('Flight Of The Rat',478,'Rock',29,35,701),('Into The Fire',210,'Rock',13,35,702),('Living Wreck',274,'Rock',17,35,703),('Hard Lovin\' Man',431,'Rock',26,35,704),('Fireball',204,'Rock',12,35,705),('No No No',414,'Rock',25,35,706),('Strange Kind Of Woman',247,'Rock',14,35,707),('Anyone\'s Daughter',284,'Rock',17,35,708),('The Mule',322,'Rock',19,35,709),('Fools',500,'Rock',30,35,710),('No One Came',385,'Rock',23,35,711),('Knocking At Your Back Door',424,'Rock',25,35,712),('Bad Attitude',307,'Rock',18,35,713),('Child In Time (Son Of Aleric - Instrumental)',602,'Rock',36,35,714),('Nobody\'s Home',243,'Rock',14,35,715),('Black Night',368,'Rock',22,35,716),('Perfect Strangers',321,'Rock',19,35,717),('The Unwritten Law',295,'Rock',18,35,718),('Call Of The Wild',293,'Rock',18,35,719),('Hush',213,'Rock',13,35,720),('Space Trucking',341,'Rock',20,35,722),('Highway Star',368,'Rock',22,35,723),('Maybe I\'m A Leo',290,'Rock',18,35,724),('Pictures Of Home',303,'Rock',18,35,725),('Never Before',239,'Rock',14,35,726),('Lazy',442,'Rock',26,35,728),('Vavoom : Ted The Mechanic',257,'Rock',16,35,730),('Loosen My Strings',359,'Rock',22,35,731),('Soon Forgotten',287,'Rock',17,35,732),('Sometimes I Feel Like Screaming',451,'Rock',28,35,733),('Cascades : I\'m Not Your Lover',283,'Rock',17,35,734),('The Aviator',320,'Rock',19,35,735),('Rosa\'s Cantina',312,'Rock',19,35,736),('A Castle Full Of Rascals',311,'Rock',19,35,737),('A Touch Away',276,'Rock',17,35,738),('Hey Cisco',354,'Rock',22,35,739),('Somebody Stole My Guitar',249,'Rock',14,35,740),('The Purpendicular Waltz',283,'Rock',17,35,741),('King Of Dreams',328,'Rock',19,35,742),('The Cut Runs Deep',342,'Rock',20,35,743),('Fire In The Basement',283,'Rock',17,35,744),('Truth Hurts',314,'Rock',19,35,745),('Breakfast In Bed',317,'Rock',19,35,746),('Love Conquers All',227,'Rock',13,35,747),('Fortuneteller',349,'Rock',20,35,748),('Too Much Is Not Enough',257,'Rock',16,35,749),('Wicked Ways',393,'Rock',24,35,750),('Love Don\'t Mean a Thing',263,'Rock',16,35,752),('Holy Man',270,'Rock',17,35,753),('Hold On',306,'Rock',18,35,754),('You Can\'t Do it Right (With the One You Love)',203,'Rock',12,35,756),('High Ball Shooter',267,'Rock',16,35,757),('The Gypsy',242,'Rock',14,35,758),('Soldier Of Fortune',193,'Rock',12,35,759),('The Battle Rages On',356,'Rock',22,35,760),('Lick It Up',240,'Rock',14,35,761),('Anya',392,'Rock',24,35,762),('Talk About Love',247,'Rock',14,35,763),('Time To Kill',351,'Rock',22,35,764),('Ramshackle Man',334,'Rock',20,35,765),('A Twist In The Tail',257,'Rock',16,35,766),('Nasty Piece Of Work',276,'Rock',17,35,767),('Solitaire',282,'Rock',17,35,768),('One Man\'s Meat',278,'Rock',17,35,769),('Pour Some Sugar On Me',292,'Rock',18,42,770),('Photograph',248,'Rock',14,42,771),('Love Bites',346,'Rock',20,42,772),('Let\'s Get Rocked',296,'Rock',18,42,773),('Two Steps Behind [Acoustic Version]',259,'Rock',16,42,774),('Animal',244,'Rock',14,42,775),('Heaven Is',214,'Rock',13,42,776),('Rocket',247,'Rock',14,42,777),('When Love & Hate Collide',257,'Rock',16,42,778),('Action',220,'Rock',13,42,779),('Make Love Like A Man',255,'Rock',16,42,780),('Armageddon It',322,'Rock',19,42,781),('Have You Ever Needed Someone So Bad',319,'Rock',19,42,782),('Rock Of Ages',248,'Rock',14,42,783),('Hysteria',355,'Rock',22,42,784),('Bringin\' On The Heartbreak',272,'Rock',17,42,785),('Roll Call',321,'Jazz',NULL,43,786),('Otay',423,'Jazz',NULL,43,787),('Groovus Interruptus',319,'Jazz',NULL,43,788),('Paris On Mine',368,'Jazz',NULL,43,789),('In Time',368,'Jazz',NULL,43,790),('Plan B',272,'Jazz',NULL,43,791),('Outbreak',659,'Jazz',NULL,43,792),('Baltimore, DC',346,'Jazz',NULL,43,793),('Talkin Loud and Saying Nothin',360,'Jazz',NULL,43,794),('Pétala',270,'Wereldmuziek',NULL,44,795),('Meu Bem-Querer',255,'Wereldmuziek',NULL,44,796),('Cigano',304,'Wereldmuziek',NULL,44,797),('Boa Noite',338,'Wereldmuziek',NULL,44,798),('Fato Consumado',211,'Wereldmuziek',NULL,44,799),('Faltando Um Pedaço',267,'Wereldmuziek',NULL,44,800),('Álibi',213,'Wereldmuziek',NULL,44,801),('Esquinas',280,'Wereldmuziek',NULL,44,802),('Se...',286,'Wereldmuziek',NULL,44,803),('Eu Te Devoro',311,'Wereldmuziek',NULL,44,804),('Lilás',274,'Wereldmuziek',NULL,44,805),('Acelerou',284,'Wereldmuziek',NULL,44,806),('Um Amor Puro',327,'Wereldmuziek',NULL,44,807),('Samurai',330,'Wereldmuziek',NULL,44,808),('Nem Um Dia',337,'Wereldmuziek',NULL,44,809),('Oceano',217,'Wereldmuziek',NULL,44,810),('Açai',270,'Wereldmuziek',NULL,44,811),('Serrado',295,'Wereldmuziek',NULL,44,812),('Flor De Lis',236,'Wereldmuziek',NULL,44,813),('Amar É Tudo',211,'Wereldmuziek',NULL,44,814),('Azul',253,'Wereldmuziek',NULL,44,815),('Seduzir',277,'Wereldmuziek',NULL,44,816),('A Carta',347,'Wereldmuziek',NULL,44,817),('Sina',268,'Wereldmuziek',NULL,44,818),('O Bêbado e a Equilibrista',223,'Wereldmuziek',NULL,45,821),('O Mestre-Sala dos Mares',186,'Wereldmuziek',NULL,45,822),('Atrás da Porta',166,'Wereldmuziek',NULL,45,823),('Dois Pra Lá, Dois Pra Cá',263,'Wereldmuziek',NULL,45,824),('Casa no Campo',170,'Wereldmuziek',NULL,45,825),('Romaria',242,'Wereldmuziek',NULL,45,826),('Alô, Alô, Marciano',241,'Wereldmuziek',NULL,45,827),('Me Deixas Louca',214,'Wereldmuziek',NULL,45,828),('Fascinação',180,'Wereldmuziek',NULL,45,829),('Saudosa Maloca',278,'Wereldmuziek',NULL,45,830),('As Aparências Enganam',247,'Wereldmuziek',NULL,45,831),('Madalena',157,'Wereldmuziek',NULL,45,832),('Maria Rosa',232,'Wereldmuziek',NULL,45,833),('Aprendendo A Jogar',290,'Wereldmuziek',NULL,45,834),('Layla',430,'Blues',NULL,46,835),('Badge',163,'Blues',NULL,46,836),('I Feel Free',174,'Blues',NULL,46,837),('Sunshine Of Your Love',252,'Blues',NULL,46,838),('Crossroads',253,'Blues',NULL,46,839),('Strange Brew',167,'Blues',NULL,46,840),('White Room',301,'Blues',NULL,46,841),('Bell Bottom Blues',304,'Blues',NULL,46,842),('Cocaine',215,'Blues',NULL,46,843),('I Shot The Sheriff',263,'Blues',NULL,46,844),('After Midnight',191,'Blues',NULL,46,845),('Swing Low Sweet Chariot',208,'Blues',NULL,46,846),('Lay Down Sally',231,'Blues',NULL,46,847),('Knockin On Heavens Door',264,'Blues',NULL,46,848),('Wonderful Tonight',221,'Blues',NULL,46,849),('Let It Grow',297,'Blues',NULL,46,850),('Promises',180,'Blues',NULL,46,851),('I Can\'t Stand It',249,'Blues',NULL,46,852),('Signe',193,'Blues',NULL,46,853),('Before You Accuse Me',224,'Blues',NULL,46,854),('Hey Hey',196,'Blues',NULL,46,855),('Tears In Heaven',274,'Blues',NULL,46,856),('Lonely Stranger',328,'Blues',NULL,46,857),('Nobody Knows You When You\'re Down & Out',231,'Blues',NULL,46,858),('Running On Faith',378,'Blues',NULL,46,860),('Walkin\' Blues',226,'Blues',NULL,46,861),('Alberta',222,'Blues',NULL,46,862),('San Francisco Bay Blues',203,'Blues',NULL,46,863),('Malted Milk',216,'Blues',NULL,46,864),('Old Love',472,'Blues',NULL,46,865),('Rollin\' And Tumblin\'',251,'Blues',NULL,46,866),('A Novidade',324,'Wereldmuziek',NULL,46,867),('Tenho Sede',261,'Wereldmuziek',NULL,46,868),('Refazenda',218,'Wereldmuziek',NULL,46,869),('Realce',264,'Wereldmuziek',NULL,46,870),('Esotérico',317,'Wereldmuziek',NULL,46,871),('Drão',301,'Wereldmuziek',NULL,46,872),('A Paz',293,'Wereldmuziek',NULL,46,873),('Beira Mar',295,'Wereldmuziek',NULL,46,874),('Sampa',225,'Wereldmuziek',NULL,46,875),('Parabolicamará',284,'Wereldmuziek',NULL,46,876),('Tempo Rei',302,'Wereldmuziek',NULL,46,877),('Expresso 2222',284,'Wereldmuziek',NULL,46,878),('Aquele Abraço',263,'Wereldmuziek',NULL,46,879),('Palco',270,'Wereldmuziek',NULL,46,880),('Toda Menina Baiana',278,'Wereldmuziek',NULL,46,881),('Sítio Do Pica-Pau Amarelo',218,'Wereldmuziek',NULL,46,882),('Collision',204,'Rock',12,47,883),('Stripsearch',270,'Rock',17,47,884),('Last Cup Of Sorrow',251,'Rock',16,47,885),('Naked In Front Of The Computer',128,'Rock',7,47,886),('Helpless',326,'Rock',19,47,887),('Mouth To Mouth',228,'Rock',13,47,888),('Ashes To Ashes',217,'Rock',13,47,889),('She Loves Me Not',209,'Rock',12,47,890),('Got That Feeling',140,'Rock',8,47,891),('Paths Of Glory',257,'Rock',16,47,892),('Home Sick Home',119,'Rock',7,47,893),('Pristina',232,'Rock',14,47,894),('Land Of Sunshine',223,'Rock',13,47,895),('Caffeine',267,'Rock',16,47,896),('Midlife Crisis',263,'Rock',16,47,897),('RV',223,'Rock',13,47,898),('Smaller And Smaller',310,'Rock',19,47,899),('Everything\'s Ruined',273,'Rock',17,47,900),('Malpractice',241,'Rock',14,47,901),('Kindergarten',270,'Rock',17,47,902),('Be Aggressive',222,'Rock',13,47,903),('A Small Victory',297,'Rock',18,47,904),('Crack Hitler',279,'Rock',17,47,905),('Jizzlobber',398,'Rock',24,47,906),('Midnight Cowboy',251,'Rock',16,47,907),('Easy',185,'Rock',11,47,908),('Get Out',137,'Rock',8,47,909),('Ricochet',269,'Rock',16,47,910),('Evidence',293,'Rock',18,47,911),('The Gentle Art Of Making Enemies',209,'Rock',12,47,912),('Star A.D.',203,'Rock',12,47,913),('Cuckoo For Caca',222,'Rock',13,47,914),('Caralho Voador',242,'Rock',14,47,915),('Ugly In The Morning',186,'Rock',11,47,916),('Digging The Grave',185,'Rock',11,47,917),('Take This Bottle',298,'Rock',18,47,918),('King For A Day',395,'Rock',24,47,919),('What A Day',158,'Rock',10,47,920),('The Last To Know',267,'Rock',16,47,921),('Just A Man',336,'Rock',20,47,922),('Absolute Zero',181,'Rock',11,47,923),('From Out Of Nowhere',202,'Rock',12,47,924),('Epic',294,'Rock',18,47,925),('Falling To Pieces',316,'Rock',19,47,926),('Surprise! You\'re Dead!',147,'Rock',8,47,927),('Zombie Eaters',360,'Rock',22,47,928),('The Real Thing',493,'Rock',30,47,929),('Underwater Love',231,'Rock',14,47,930),('The Morning After',223,'Rock',13,47,931),('Woodpecker From Mars',340,'Rock',20,47,932),('War Pigs',464,'Rock',28,47,933),('Edge Of The World',250,'Rock',16,47,934),('Deixa Entrar',33,'Wereldmuziek',NULL,48,935),('Falamansa Song',237,'Wereldmuziek',NULL,48,936),('Xote Dos Milagres',269,'Wereldmuziek',NULL,48,937),('Rindo À Toa',222,'Wereldmuziek',NULL,48,938),('Confidência',222,'Wereldmuziek',NULL,48,939),('Forró De Tóquio',169,'Wereldmuziek',NULL,48,940),('Zeca Violeiro',143,'Wereldmuziek',NULL,48,941),('Avisa',355,'Wereldmuziek',NULL,48,942),('Principiando/Decolagem',116,'Wereldmuziek',NULL,48,943),('Asas',231,'Wereldmuziek',NULL,48,944),('Medo De Escuro',213,'Wereldmuziek',NULL,48,945),('Oração',271,'Wereldmuziek',NULL,48,946),('Minha Gata',181,'Wereldmuziek',NULL,48,947),('Desaforo',174,'Wereldmuziek',NULL,48,948),('In Your Honor',230,'Rock',14,49,949),('No Way Back',196,'Rock',12,49,950),('Best Of You',255,'Rock',16,49,951),('DOA',252,'Rock',16,49,952),('Hell',117,'Rock',7,49,953),('The Last Song',199,'Rock',12,49,954),('Free Me',278,'Rock',17,49,955),('Resolve',288,'Rock',17,49,956),('The Deepest Blues Are Black',238,'Rock',14,49,957),('End Over End',352,'Rock',22,49,958),('Still',313,'Rock',19,49,959),('What If I Do?',302,'Rock',18,49,960),('Miracle',209,'Rock',12,49,961),('Another Round',265,'Rock',16,49,962),('Friend Of A Friend',193,'Rock',12,49,963),('Over And Out',316,'Rock',19,49,964),('On The Mend',271,'Rock',17,49,965),('Virginia Moon',229,'Rock',13,49,966),('Cold Day In The Sun',200,'Rock',12,49,967),('Razor',293,'Rock',18,49,968),('All My Life',263,'Rock',16,49,969),('Low',268,'Rock',16,49,970),('Have It All',298,'Rock',18,49,971),('Times Like These',266,'Rock',16,49,972),('Disenchanted Lullaby',273,'Rock',17,49,973),('Tired Of You',311,'Rock',19,49,974),('Halo',306,'Rock',18,49,975),('Lonely As You',277,'Rock',17,49,976),('Overdrive',270,'Rock',17,49,977),('Burn Away',298,'Rock',18,49,978),('Come Back',469,'Rock',28,49,979),('Doll',83,'Rock',5,49,980),('Monkey Wrench',231,'Rock',14,49,981),('Hey, Johnny Park!',248,'Rock',14,49,982),('My Poor Brain',213,'Rock',13,49,983),('Wind Up',152,'Rock',10,49,984),('Up In Arms',135,'Rock',8,49,985),('My Hero',260,'Rock',16,49,986),('See You',146,'Rock',8,49,987),('Enough Space',157,'Rock',10,49,988),('February Stars',289,'Rock',17,49,989),('Everlong',250,'Rock',16,49,990),('Walking After You',303,'Rock',18,49,991),('New Way Home',342,'Rock',20,49,992),('Entrando Na Sua (Intro)',179,'Wereldmuziek',NULL,50,993),('Nervosa',229,'Wereldmuziek',NULL,50,994),('Funk De Bamba (Com Fernanda Abreu)',237,'Wereldmuziek',NULL,50,995),('Call Me At Cleo´s',236,'Wereldmuziek',NULL,50,996),('Olhos Coloridos (Com Sandra De Sá)',321,'Wereldmuziek',NULL,50,997),('Zambação',301,'Wereldmuziek',NULL,50,998),('Funk Hum',244,'Wereldmuziek',NULL,50,999),('Forty Days (Com DJ Hum)',221,'Wereldmuziek',NULL,50,1000),('Balada Da Paula',322,'Wereldmuziek',NULL,50,1001),('Dujji',324,'Wereldmuziek',NULL,50,1002),('Meu Guarda-Chuva',248,'Wereldmuziek',NULL,50,1003),('Motéis',213,'Wereldmuziek',NULL,50,1004),('Whistle Stop',526,'Wereldmuziek',NULL,50,1005),('16 Toneladas',191,'Wereldmuziek',NULL,50,1006),('Divirta-Se (Saindo Da Sua)',74,'Wereldmuziek',NULL,50,1007),('Forty Days Instrumental',292,'Wereldmuziek',NULL,50,1008),('Introdução (Live)',154,'Wereldmuziek',NULL,51,1009),('Palco (Live)',238,'Wereldmuziek',NULL,51,1010),('Is This Love (Live)',295,'Wereldmuziek',NULL,51,1011),('Stir It Up (Live)',282,'Wereldmuziek',NULL,51,1012),('Refavela (Live)',236,'Wereldmuziek',NULL,51,1013),('Vendedor De Caranguejo (Live)',248,'Wereldmuziek',NULL,51,1014),('Quanta (Live)',357,'Wereldmuziek',NULL,51,1015),('Estrela (Live)',285,'Wereldmuziek',NULL,51,1016),('Pela Internet (Live)',263,'Wereldmuziek',NULL,51,1017),('Cérebro Eletrônico (Live)',231,'Wereldmuziek',NULL,51,1018),('Opachorô (Live)',259,'Wereldmuziek',NULL,51,1019),('Copacabana (Live)',289,'Wereldmuziek',NULL,51,1020),('A Novidade (Live)',316,'Wereldmuziek',NULL,51,1021),('Ghandi (Live)',222,'Wereldmuziek',NULL,51,1022),('De Ouro E Marfim (Live)',234,'Wereldmuziek',NULL,51,1023),('Doce De Carnaval (Candy All)',356,'Jazz',NULL,51,1024),('Lamento De Carnaval',294,'Jazz',NULL,51,1025),('Pretinha',265,'Jazz',NULL,51,1026),('Straight Out Of Line',259,'Metal',16,52,1027),('Faceless',216,'Metal',13,52,1028),('Changes',260,'Metal',16,52,1029),('Make Me Believe',248,'Metal',14,52,1030),('I Stand Alone',246,'Metal',14,52,1031),('Re-Align',260,'Metal',16,52,1032),('I Fucking Hate You',247,'Metal',14,52,1033),('Releasing The Demons',252,'Metal',16,52,1034),('Dead And Broken',251,'Metal',16,52,1035),('I Am',239,'Metal',14,52,1036),('The Awakening',89,'Metal',5,52,1037),('Serenity',274,'Metal',17,52,1038),('American Idiot',174,'Rock',11,31,1039),('Jesus Of Suburbia / City Of The Damned / I Don\'t Care / Dearly Beloved / Tales Of Another Broken Hom',548,'Rock',32,31,1040),('Holiday',232,'Rock',14,31,1041),('Boulevard Of Broken Dreams',260,'Rock',16,31,1042),('Are We The Waiting',163,'Rock',10,31,1043),('St. Jimmy',175,'Rock',11,31,1044),('Give Me Novacaine',205,'Rock',12,31,1045),('She\'s A Rebel',120,'Rock',7,31,1046),('Extraordinary Girl',214,'Rock',13,31,1047),('Letterbomb',246,'Rock',14,31,1048),('Wake Me Up When September Ends',285,'Rock',17,31,1049),('Homecoming / The Death Of St. Jimmy / East 12th St. / Nobody Likes You / Rock And Roll Girlfriend / ',558,'Rock',34,31,1050),('Whatsername',252,'Rock',16,31,1051),('Welcome to the Jungle',273,'Rock',17,53,1052),('It\'s So Easy',202,'Rock',12,53,1053),('Nightrain',268,'Rock',16,53,1054),('Out Ta Get Me',263,'Rock',16,53,1055),('Mr. Brownstone',228,'Rock',13,53,1056),('Paradise City',406,'Rock',24,53,1057),('My Michelle',219,'Rock',13,53,1058),('Think About You',231,'Rock',14,53,1059),('Sweet Child O\' Mine',356,'Rock',22,53,1060),('You\'re Crazy',197,'Rock',12,53,1061),('Anything Goes',206,'Rock',12,53,1062),('Rocket Queen',375,'Rock',23,53,1063),('Right Next Door to Hell',182,'Rock',11,53,1064),('Dust N\' Bones',298,'Rock',18,53,1065),('Live and Let Die',184,'Rock',11,53,1066),('Don\'t Cry (Original)',284,'Rock',17,53,1067),('Perfect Crime',143,'Rock',8,53,1068),('You Ain\'t the First',156,'Rock',10,53,1069),('Bad Obsession',328,'Rock',19,53,1070),('Back off Bitch',303,'Rock',18,53,1071),('Double Talkin\' Jive',203,'Rock',12,53,1072),('November Rain',537,'Rock',32,53,1073),('The Garden',322,'Rock',19,53,1074),('Garden of Eden',161,'Rock',10,53,1075),('Don\'t Damn Me',318,'Rock',19,53,1076),('Bad Apples',268,'Rock',16,53,1077),('Dead Horse',257,'Rock',16,53,1078),('Coma',616,'Rock',37,53,1079),('Civil War',461,'Metal',28,53,1080),('14 Years',261,'Metal',16,53,1081),('Yesterdays',196,'Metal',12,53,1082),('Knockin\' On Heaven\'s Door',336,'Metal',20,53,1083),('Get In The Ring',341,'Metal',20,53,1084),('Shotgun Blues',203,'Metal',12,53,1085),('Breakdown',424,'Metal',25,53,1086),('Pretty Tied Up',287,'Metal',17,53,1087),('Locomotive',522,'Metal',31,53,1088),('So Fine',246,'Metal',14,53,1089),('Estranged',563,'Metal',34,53,1090),('You Could Be Mine',343,'Metal',20,53,1091),('Don\'t Cry',284,'Metal',17,53,1092),('My World',84,'Metal',5,53,1093),('Colibri',361,'Jazz',NULL,54,1094),('Love Is The Colour',251,'Jazz',NULL,54,1095),('Magnetic Ocean',321,'Jazz',NULL,54,1096),('Deep Waters',396,'Jazz',NULL,54,1097),('L\'Arc En Ciel De Miles',242,'Jazz',NULL,54,1098),('Gypsy',330,'Jazz',NULL,54,1099),('Journey Into Sunlight',249,'Jazz',NULL,54,1100),('Sunchild',259,'Jazz',NULL,54,1101),('Millenium',379,'Jazz',NULL,54,1102),('Thinking \'Bout Tomorrow',355,'Jazz',NULL,54,1103),('Jacob\'s Ladder',367,'Jazz',NULL,54,1104),('She Wears Black',528,'Jazz',NULL,54,1105),('Dark Side Of The Cog',377,'Jazz',NULL,54,1106),('Different World',258,'Rock',16,55,1107),('These Colours Don\'t Run',412,'Rock',25,55,1108),('Brighter Than a Thousand Suns',526,'Rock',31,55,1109),('The Pilgrim',307,'Rock',18,55,1110),('The Longest Day',467,'Rock',28,55,1111),('Out of the Shadows',336,'Rock',20,55,1112),('The Reincarnation of Benjamin Breeg',442,'Rock',26,55,1113),('For the Greater Good of God',564,'Rock',34,55,1114),('Lord of Light',444,'Rock',26,55,1115),('The Legacy',562,'Rock',34,55,1116),('Hallowed Be Thy Name (Live) [Non Album Bonus Track]',431,'Rock',26,55,1117),('The Number Of The Beast',294,'Metal',18,55,1118),('The Trooper',235,'Metal',14,55,1119),('Prowler',255,'Metal',16,55,1120),('Transylvania',265,'Metal',16,55,1121),('Remember Tomorrow',352,'Metal',22,55,1122),('Where Eagles Dare',289,'Metal',17,55,1123),('Sanctuary',293,'Metal',18,55,1124),('Running Free',228,'Metal',13,55,1125),('Run To The Hilss',237,'Metal',14,55,1126),('2 Minutes To Midnight',337,'Metal',20,55,1127),('Iron Maiden',324,'Metal',19,55,1128),('Hallowed Be Thy Name',471,'Metal',29,55,1129),('Be Quick Or Be Dead',196,'Metal',12,55,1130),('From Here To Eternity',259,'Metal',16,55,1131),('Can I Play With Madness',282,'Metal',17,55,1132),('Wasting Love',347,'Metal',20,55,1133),('Tailgunner',249,'Metal',14,55,1134),('The Evil That Men Do',325,'Metal',19,55,1135),('Afraid To Shoot Strangers',407,'Metal',24,55,1136),('Bring Your Daughter... To The Slaughter',317,'Metal',19,55,1137),('Heaven Can Wait',448,'Metal',26,55,1138),('The Clairvoyant',269,'Metal',16,55,1139),('Fear Of The Dark',431,'Metal',26,55,1140),('The Wicker Man',275,'Rock',17,55,1141),('Ghost Of The Navigator',410,'Rock',25,55,1142),('Brave New World',378,'Rock',23,55,1143),('Blood Brothers',434,'Rock',26,55,1144),('The Mercenary',282,'Rock',17,55,1145),('Dream Of Mirrors',561,'Rock',34,55,1146),('The Fallen Angel',240,'Rock',14,55,1147),('The Nomad',546,'Rock',32,55,1148),('Out Of The Silent Planet',385,'Rock',23,55,1149),('The Thin Line Between Love & Hate',506,'Rock',30,55,1150),('Wildest Dreams',232,'Metal',14,55,1151),('Rainmaker',228,'Metal',13,55,1152),('No More Lies',441,'Metal',26,55,1153),('Montsegur',350,'Metal',22,55,1154),('Dance Of Death',516,'Metal',31,55,1155),('Gates Of Tomorrow',312,'Metal',19,55,1156),('New Frontier',304,'Metal',18,55,1157),('Paschendale',508,'Metal',30,55,1158),('Face In The Sand',391,'Metal',24,55,1159),('Age Of Innocence',370,'Metal',23,55,1160),('Journeyman',427,'Metal',25,55,1161),('Fear Is The Key',335,'Rock',20,55,1165),('Childhood\'s End',280,'Rock',17,55,1166),('The Fugitive',294,'Rock',18,55,1168),('Chains Of Misery',217,'Rock',13,55,1169),('The Apparition',234,'Rock',14,55,1170),('Judas Be My Guide',188,'Rock',11,55,1171),('Weekend Warrior',339,'Rock',20,55,1172),('01 - Prowler',236,'Blues',NULL,55,1174),('02 - Sanctuary',196,'Blues',NULL,55,1175),('03 - Remember Tomorrow',328,'Blues',NULL,55,1176),('04 - Running Free',197,'Blues',NULL,55,1177),('05 - Phantom of the Opera',428,'Blues',NULL,55,1178),('06 - Transylvania',259,'Blues',NULL,55,1179),('07 - Strange World',332,'Blues',NULL,55,1180),('08 - Charlotte the Harlot',252,'Blues',NULL,55,1181),('09 - Iron Maiden',216,'Blues',NULL,55,1182),('The Ides Of March',105,'Metal',6,55,1183),('Wrathchild',174,'Metal',11,55,1184),('Murders In The Rue Morgue',258,'Metal',16,55,1185),('Another Life',203,'Metal',12,55,1186),('Genghis Khan',187,'Metal',11,55,1187),('Innocent Exile',232,'Metal',14,55,1188),('Killers',300,'Metal',18,55,1189),('Prodigal Son',372,'Metal',23,55,1190),('Purgatory',200,'Metal',12,55,1191),('Drifter',288,'Metal',17,55,1192),('Intro- Churchill S Speech',48,'Metal',2,55,1193),('Aces High',276,'Metal',17,55,1194),('Revelations',371,'Metal',23,55,1197),('Flight Of Icarus',229,'Metal',13,55,1198),('Rime Of The Ancient Mariner',789,'Metal',47,55,1199),('Powerslave',454,'Metal',28,55,1200),('Run To The Hills',231,'Metal',14,55,1204),('Acacia Avenue',379,'Metal',23,55,1207),('Children Of The Damned',278,'Metal',17,55,1208),('Die With Your Boots On',314,'Metal',19,55,1209),('Phantom Of The Opera',441,'Metal',26,55,1210),('Bring Your Daughter... To The Slaughter...',376,'Rock',23,55,1221),('Holy Smoke',229,'Metal',13,55,1232),('No Prayer For The Dying',263,'Metal',16,55,1233),('Public Enema Number One',254,'Metal',16,55,1234),('Fates Warning',250,'Metal',16,55,1235),('The Assassin',258,'Metal',16,55,1236),('Run Silent Run Deep',275,'Metal',17,55,1237),('Hooks In You',247,'Metal',14,55,1238),('Bring Your Daughter... ...To The Slaughter',284,'Metal',17,55,1239),('Mother Russia',332,'Metal',20,55,1240),('Flight Of The Icarus',230,'Metal',14,55,1243),('Still Life',294,'Metal',18,55,1246),('Quest For Fire',221,'Metal',13,55,1247),('Sun And Steel',206,'Metal',12,55,1248),('To Tame A Land',445,'Metal',26,55,1249),('Losfer Words',252,'Metal',16,55,1252),('Flash of The Blade',242,'Metal',14,55,1253),('Duelists',366,'Metal',22,55,1254),('Back in the Village',320,'Metal',19,55,1255),('Intro',115,'Metal',7,55,1258),('Sign Of The Cross',649,'Metal',38,55,1265),('The Clansman',559,'Rock',34,55,1269),('Moonchild',340,'Metal',20,55,1277),('Infinite Dreams',369,'Metal',22,55,1278),('Seventh Son of a Seventh Son',593,'Metal',36,55,1281),('The Prophecy',305,'Metal',18,55,1282),('Only the Good Die Young',280,'Metal',17,55,1284),('Caught Somewhere in Time',445,'Metal',26,55,1285),('Wasted Years',307,'Metal',18,55,1286),('Sea of Madness',341,'Metal',20,55,1287),('Stranger in a Strange Land',344,'Metal',20,55,1289),('Alexander the Great',515,'Metal',31,55,1290),('De Ja Vu',296,'Metal',18,55,1291),('The Loneliness of the Long Dis',391,'Metal',24,55,1292),('22 Acacia Avenue',395,'Metal',24,55,1293),('Gangland',228,'Metal',13,55,1295),('Invaders',203,'Metal',12,55,1297),('The Prisoner',361,'Metal',22,55,1300),('Lord Of The Flies',303,'Rock',18,55,1302),('Man On The Edge',253,'Rock',16,55,1303),('Fortunes Of War',443,'Rock',26,55,1304),('Look For The Truth',310,'Rock',19,55,1305),('The Aftermath',380,'Rock',23,55,1306),('Judgement Of Heaven',312,'Rock',19,55,1307),('Blood On The World\'s Hands',357,'Rock',22,55,1308),('The Edge Of Darkness',399,'Rock',24,55,1309),('2 A.M.',337,'Rock',20,55,1310),('The Unbeliever',490,'Rock',30,55,1311),('Futureal',175,'Rock',11,55,1312),('The Angel And The Gambler',592,'Rock',36,55,1313),('Lightning Strikes Twice',290,'Rock',18,55,1314),('When Two Worlds Collide',377,'Rock',23,55,1316),('The Educated Fool',404,'Rock',24,55,1317),('Don\'t Look To The Eyes Of A Stranger',483,'Rock',29,55,1318),('Como Estais Amigos',330,'Rock',20,55,1319),('When You Gonna Learn (Digeridoo)',230,'Rock',14,56,1320),('Too Young To Die',365,'Rock',22,56,1321),('Hooked Up',275,'Rock',17,56,1322),('If I Like It, I Do It',293,'Rock',18,56,1323),('Music Of The Wind',383,'Rock',23,56,1324),('Emergency On Planet Earth',245,'Rock',14,56,1325),('Whatever It Is, I Just Can\'t Stop',247,'Rock',14,56,1326),('Blow Your Mind',512,'Rock',31,56,1327),('Revolution 1993',616,'Rock',37,56,1328),('Didgin\' Out',157,'Rock',10,56,1329),('Just Another Story',529,'Electro',NULL,56,1330),('Stillness In Time',257,'Electro',NULL,56,1331),('Half The Man',289,'Electro',NULL,56,1332),('Light Years',354,'Electro',NULL,56,1333),('Manifest Destiny',382,'Electro',NULL,56,1334),('The Kids',309,'Electro',NULL,56,1335),('Mr. Moon',329,'Electro',NULL,56,1336),('Scam',422,'Electro',NULL,56,1337),('Journey To Arnhemland',322,'Electro',NULL,56,1338),('Morning Glory',384,'Electro',NULL,56,1339),('Space Cowboy',385,'Electro',NULL,56,1340),('Last Chance',112,'Rock',7,57,1341),('Are You Gonna Be My Girl',213,'Rock',13,57,1342),('Rollover D.J.',196,'Rock',12,57,1343),('Look What You\'ve Done',230,'Rock',14,57,1344),('Get What You Need',247,'Rock',14,57,1345),('Move On',260,'Rock',16,57,1346),('Radio Song',272,'Rock',17,57,1347),('Get Me Outta Here',176,'Rock',11,57,1348),('Cold Hard Bitch',243,'Rock',14,57,1349),('Come Around Again',270,'Rock',17,57,1350),('Take It Or Leave It',142,'Rock',8,57,1351),('Lazy Gun',282,'Rock',17,57,1352),('Timothy',270,'Rock',17,57,1353),('Foxy Lady',199,'Rock',12,58,1354),('Manic Depression',222,'Rock',13,58,1355),('Red House',224,'Rock',13,58,1356),('Can You See Me',153,'Rock',10,58,1357),('Love Or Confusion',193,'Rock',12,58,1358),('I Don\'t Live Today',235,'Rock',14,58,1359),('May This Be Love',191,'Rock',12,58,1360),('Fire',164,'Rock',10,58,1361),('Third Stone From The Sun',404,'Rock',24,58,1362),('Remember',168,'Rock',10,58,1363),('Are You Experienced?',254,'Rock',16,58,1364),('Hey Joe',210,'Rock',13,58,1365),('Stone Free',216,'Rock',13,58,1366),('Purple Haze',171,'Rock',11,58,1367),('51st Anniversary',196,'Rock',12,58,1368),('The Wind Cries Mary',200,'Rock',12,58,1369),('Highway Chile',212,'Rock',13,58,1370),('Surfing with the Alien',263,'Rock',16,59,1371),('Ice 9',239,'Rock',14,59,1372),('Crushing Day',314,'Rock',19,59,1373),('Always With Me, Always With You',202,'Rock',12,59,1374),('Satch Boogie',193,'Rock',12,59,1375),('Hill of the Skull',108,'Rock',6,59,1376),('Circles',209,'Rock',12,59,1377),('Lords of Karma',288,'Rock',17,59,1378),('Midnight',102,'Rock',6,59,1379),('Echo',337,'Rock',20,59,1380),('Engenho De Dentro',310,'Wereldmuziek',NULL,60,1381),('Alcohol',355,'Wereldmuziek',NULL,60,1382),('Mama Africa',283,'Wereldmuziek',NULL,60,1383),('Salve Simpatia',343,'Wereldmuziek',NULL,60,1384),('W/Brasil (Chama O Síndico)',317,'Wereldmuziek',NULL,60,1385),('País Tropical',452,'Wereldmuziek',NULL,60,1386),('Os Alquimistas Estão Chegando',367,'Wereldmuziek',NULL,60,1387),('Charles Anjo 45',389,'Wereldmuziek',NULL,60,1388),('Selassiê',326,'Wereldmuziek',NULL,60,1389),('Menina Sarará',191,'Wereldmuziek',NULL,60,1390),('Que Maravilha',338,'Wereldmuziek',NULL,60,1391),('Santa Clara Clareou',380,'Wereldmuziek',NULL,60,1392),('Filho Maravilha',227,'Wereldmuziek',NULL,60,1393),('Taj Mahal',289,'Wereldmuziek',NULL,60,1394),('Rapidamente',252,'Wereldmuziek',NULL,61,1395),('As Dores do Mundo',255,'Wereldmuziek',NULL,61,1396),('Vou Pra Ai',300,'Wereldmuziek',NULL,61,1397),('My Brother',253,'Wereldmuziek',NULL,61,1398),('Há Quanto Tempo',270,'Wereldmuziek',NULL,61,1399),('Vício',269,'Wereldmuziek',NULL,61,1400),('Encontrar Alguém',224,'Wereldmuziek',NULL,61,1401),('Dance Enquanto é Tempo',229,'Wereldmuziek',NULL,61,1402),('A Tarde',266,'Wereldmuziek',NULL,61,1403),('Always Be All Right',128,'Wereldmuziek',NULL,61,1404),('Sem Sentido',250,'Wereldmuziek',NULL,61,1405),('Onibusfobia',315,'Wereldmuziek',NULL,61,1406),('Pura Elegancia',284,'Wereldmuziek',NULL,62,1407),('Choramingando',190,'Wereldmuziek',NULL,62,1408),('Por Merecer',230,'Wereldmuziek',NULL,62,1409),('No Futuro',182,'Wereldmuziek',NULL,62,1410),('Voce Inteira',241,'Wereldmuziek',NULL,62,1411),('Cuando A Noite Vai Chegando',270,'Wereldmuziek',NULL,62,1412),('Naquele Dia',251,'Wereldmuziek',NULL,62,1413),('Equinocio',269,'Wereldmuziek',NULL,62,1414),('Papelão',213,'Wereldmuziek',NULL,62,1415),('Cuando Eu For Pro Ceu',118,'Wereldmuziek',NULL,62,1416),('Do Nosso Amor',203,'Wereldmuziek',NULL,62,1417),('Borogodo',208,'Wereldmuziek',NULL,62,1418),('Cafezinho',180,'Wereldmuziek',NULL,62,1419),('Enquanto O Dia Não Vem',220,'Wereldmuziek',NULL,62,1420),('The Green Manalishi',205,'Metal',12,63,1421),('Living After Midnight',213,'Metal',13,63,1422),('Breaking The Law (Live)',144,'Metal',8,63,1423),('Hot Rockin\'',197,'Metal',12,63,1424),('Heading Out To The Highway (Live)',276,'Metal',17,63,1425),('The Hellion',41,'Metal',2,63,1426),('Electric Eye',222,'Metal',13,63,1427),('You\'ve Got Another Thing Comin\'',305,'Metal',18,63,1428),('Turbo Lover',335,'Metal',20,63,1429),('Freewheel Burning',265,'Metal',16,63,1430),('Some Heads Are Gonna Roll',249,'Metal',14,63,1431),('Metal Meltdown',290,'Metal',18,63,1432),('Ram It Down',292,'Metal',18,63,1433),('Diamonds And Rust (Live)',219,'Metal',13,63,1434),('Victim Of Change (Live)',430,'Metal',26,63,1435),('Tyrant (Live)',282,'Metal',17,63,1436),('Comin\' Home',172,'Rock',11,29,1437),('Domino',226,'Rock',13,29,1441),('A World Without Heroes',177,'Rock',11,29,1443),('Rock Bottom',200,'Rock',12,29,1444),('See You Tonight',146,'Rock',8,29,1445),('I Still Love You',369,'Rock',22,29,1446),('Every Time I Look At You',283,'Rock',17,29,1447),('2,000 Man',312,'Rock',19,29,1448),('Nothin\' To Lose',222,'Rock',13,29,1450),('Immigrant Song',201,'Rock',24,2,1452),('Heartbreaker',316,'Rock',38,2,1453),('Since I\'ve Been Loving You',416,'Rock',50,2,1454),('Black Dog',317,'Rock',38,2,1455),('Going To California',234,'Rock',28,2,1458),('That\'s The Way',343,'Rock',41,2,1459),('Whole Lotta Love (Medley)',825,'Rock',100,2,1460),('Thank You',398,'Rock',48,2,1461),('We\'re Gonna Groove',157,'Rock',19,2,1462),('Poor Tom',182,'Rock',22,2,1463),('Walter\'s Walk',270,'Rock',32,2,1465),('Ozone Baby',215,'Rock',26,2,1466),('Darlene',307,'Rock',37,2,1467),('Bonzo\'s Montreux',258,'Rock',31,2,1468),('Wearing And Tearing',330,'Rock',40,2,1469),('The Song Remains The Same',330,'Rock',40,2,1470),('The Rain Song',459,'Rock',55,2,1471),('Over The Hills And Far Away',290,'Rock',35,2,1472),('The Crunge',197,'Rock',24,2,1473),('Dancing Days',223,'Rock',26,2,1474),('D\'Yer Mak\'er',262,'Rock',31,2,1475),('No Quarter',420,'Rock',50,2,1476),('The Ocean',271,'Rock',32,2,1477),('In The Evening',410,'Rock',49,2,1478),('South Bound Saurez',254,'Rock',30,2,1479),('Fool In The Rain',372,'Rock',44,2,1480),('Hot Dog',197,'Rock',24,2,1481),('Carouselambra',634,'Rock',76,2,1482),('All My Love',356,'Rock',43,2,1483),('I\'m Gonna Crawl',329,'Rock',40,2,1484),('Rock & Roll',220,'Rock',26,2,1486),('The Battle Of Evermore',351,'Rock',42,2,1487),('Misty Mountain Hop',278,'Rock',34,2,1489),('Four Sticks',284,'Rock',34,2,1490),('Good Times Bad Times',166,'Rock',20,2,1493),('Babe I\'m Gonna Leave You',401,'Rock',48,2,1494),('Your Time Is Gonna Come',274,'Rock',32,2,1497),('Black Mountain Side',132,'Rock',16,2,1498),('What Is And What Should Never Be',287,'Rock',35,2,1503),('The Lemon Song',379,'Rock',46,2,1504),('Living Loving Maid (She\'s Just A Woman)',159,'Rock',19,2,1507),('Ramble On',275,'Rock',34,2,1508),('Moby Dick',260,'Rock',31,2,1509),('Bring It On Home',259,'Rock',31,2,1510),('Friends',233,'Rock',28,2,1512),('Celebration Day',209,'Rock',25,2,1513),('Out On The Tiles',246,'Rock',30,2,1515),('Gallows Pole',296,'Rock',36,2,1516),('Tangerine',189,'Rock',23,2,1517),('Bron-Y-Aur Stomp',259,'Rock',31,2,1519),('Hats Off To (Roy) Harper',219,'Rock',26,2,1520),('In The Light',526,'Rock',64,2,1521),('Bron-Yr-Aur',126,'Rock',16,2,1522),('Down By The Seaside',316,'Rock',38,2,1523),('Ten Years Gone',393,'Rock',47,2,1524),('Night Flight',217,'Rock',26,2,1525),('The Wanton Song',249,'Rock',30,2,1526),('Boogie With Stu',233,'Rock',28,2,1527),('Black Country Woman',273,'Rock',32,2,1528),('Sick Again',283,'Rock',34,2,1529),('Achilles Last Stand',625,'Rock',76,2,1530),('For Your Life',384,'Rock',46,2,1531),('Royal Orleans',179,'Rock',22,2,1532),('Nobody\'s Fault But Mine',376,'Rock',46,2,1533),('Candy Store Rock',252,'Rock',30,2,1534),('Hots On For Nowhere',284,'Rock',34,2,1535),('Tea For One',566,'Rock',68,2,1536),('Rain Song',505,'Rock',61,2,1540),('Natália',235,'Wereldmuziek',NULL,64,1546),('L\'Avventura',278,'Wereldmuziek',NULL,64,1547),('Música De Trabalho',260,'Wereldmuziek',NULL,64,1548),('Longe Do Meu Lado',266,'Wereldmuziek',NULL,64,1549),('A Via Láctea',280,'Wereldmuziek',NULL,64,1550),('Música Ambiente',247,'Wereldmuziek',NULL,64,1551),('Aloha',325,'Wereldmuziek',NULL,64,1552),('Soul Parsifal',295,'Wereldmuziek',NULL,64,1553),('Dezesseis',323,'Wereldmuziek',NULL,64,1554),('Mil Pedaços',203,'Wereldmuziek',NULL,64,1555),('Leila',323,'Wereldmuziek',NULL,64,1556),('1º De Julho',290,'Wereldmuziek',NULL,64,1557),('Esperando Por Mim',261,'Wereldmuziek',NULL,64,1558),('Quando Você Voltar',173,'Wereldmuziek',NULL,64,1559),('O Livro Dos Dias',257,'Wereldmuziek',NULL,64,1560),('Será',148,'Wereldmuziek',NULL,64,1561),('Ainda É Cedo',236,'Wereldmuziek',NULL,64,1562),('Geração Coca-Cola',141,'Wereldmuziek',NULL,64,1563),('Eduardo E Mônica',271,'Wereldmuziek',NULL,64,1564),('Tempo Perdido',302,'Wereldmuziek',NULL,64,1565),('Indios',258,'Wereldmuziek',NULL,64,1566),('Que País É Este',177,'Wereldmuziek',NULL,64,1567),('Faroeste Caboclo',543,'Wereldmuziek',NULL,64,1568),('Há Tempos',197,'Wereldmuziek',NULL,64,1569),('Pais E Filhos',308,'Wereldmuziek',NULL,64,1570),('Meninos E Meninas',203,'Wereldmuziek',NULL,64,1571),('Vento No Litoral',366,'Wereldmuziek',NULL,64,1572),('Perfeição',276,'Wereldmuziek',NULL,64,1573),('Giz',202,'Wereldmuziek',NULL,64,1574),('Antes Das Seis',189,'Wereldmuziek',NULL,64,1576),('Are You Gonna Go My Way',211,'Rock',13,65,1577),('Fly Away',221,'Rock',13,65,1578),('Rock And Roll Is Dead',204,'Rock',12,65,1579),('Again',228,'Rock',13,65,1580),('It Ain\'t Over \'Til It\'s Over',242,'Rock',14,65,1581),('Can\'t Get You Off My Mind',273,'Rock',17,65,1582),('Mr. Cab Driver',230,'Rock',14,65,1583),('American Woman',261,'Rock',16,65,1584),('Stand By My Woman',259,'Rock',16,65,1585),('Always On The Run',232,'Rock',14,65,1586),('Heaven Help',190,'Rock',12,65,1587),('I Belong To You',257,'Rock',16,65,1588),('Believe',295,'Rock',18,65,1589),('Let Love Rule',342,'Rock',20,65,1590),('Black Velveteen',290,'Rock',18,65,1591),('Holding Back The Years',270,'Rock',17,65,1592),('Money\'s Too Tight To Mention',268,'Rock',16,65,1593),('The Right Thing',262,'Rock',16,65,1594),('It\'s Only Love',232,'Rock',14,65,1595),('A New Flame',237,'Rock',14,65,1596),('You\'ve Got It',235,'Rock',14,65,1597),('If You Don\'t Know Me By Now',206,'Rock',12,65,1598),('Stars',248,'Rock',14,65,1599),('Something Got Me Started',239,'Rock',14,65,1600),('Thrill Me',303,'Rock',18,65,1601),('Your Mirror',240,'Rock',14,65,1602),('For Your Babies',256,'Rock',16,65,1603),('So Beautiful',298,'Rock',18,65,1604),('Angel',240,'Rock',14,65,1605),('Fairground',263,'Rock',16,65,1606),('Still Of The Night',398,'Metal',24,65,1607),('Here I Go Again',233,'Metal',14,65,1608),('Is This Love',283,'Metal',17,65,1609),('Love Ain\'t No Stranger',259,'Metal',16,65,1610),('Looking For Love',391,'Metal',24,65,1611),('Now You\'re Gone',251,'Metal',16,65,1612),('Slide It In',202,'Metal',12,65,1613),('Slow An\' Easy',367,'Metal',22,65,1614),('Judgement Day',317,'Metal',19,65,1615),('You\'re Gonna Break My Hart Again',250,'Metal',16,65,1616),('The Deeper The Love',262,'Metal',16,65,1617),('Crying In The Rain',337,'Metal',20,65,1618),('Fool For Your Loving',250,'Metal',16,65,1619),('Sweet Lady Luck',273,'Metal',17,65,1620),('Assim Caminha A Humanidade',210,'Wereldmuziek',NULL,66,1621),('Um Pro Outro',236,'Wereldmuziek',NULL,66,1622),('Casa',307,'Wereldmuziek',NULL,66,1623),('Condição',263,'Wereldmuziek',NULL,66,1624),('Satisfação',208,'Wereldmuziek',NULL,66,1625),('Brumário',216,'Wereldmuziek',NULL,66,1626),('Sábado À Noite',193,'Wereldmuziek',NULL,66,1627),('A Cura',280,'Wereldmuziek',NULL,66,1628),('Atrás Do Trio Elétrico',149,'Wereldmuziek',NULL,66,1629),('Tudo Bem',196,'Wereldmuziek',NULL,66,1630),('Toda Forma De Amor',227,'Wereldmuziek',NULL,66,1631),('Sereia',278,'Wereldmuziek',NULL,66,1632),('Se Você Pensa',195,'Wereldmuziek',NULL,66,1633),('Lá Vem O Sol (Here Comes The Sun)',189,'Wereldmuziek',NULL,66,1634),('Honolulu',261,'Wereldmuziek',NULL,66,1635),('Dancin´Days',237,'Wereldmuziek',NULL,66,1636),('Aviso Aos Navegantes',242,'Wereldmuziek',NULL,66,1637),('Hyperconectividade',180,'Wereldmuziek',NULL,66,1638),('O Descobridor Dos Sete Mares',225,'Wereldmuziek',NULL,66,1639),('Um Certo Alguém',194,'Wereldmuziek',NULL,66,1640),('Fullgás',346,'Wereldmuziek',NULL,66,1641),('Aquilo',246,'Wereldmuziek',NULL,66,1642),('Senta A Pua',217,'Wereldmuziek',NULL,66,1643),('Ro-Que-Se-Da-Ne',146,'Wereldmuziek',NULL,66,1644),('Tudo Igual',276,'Wereldmuziek',NULL,66,1645),('Fogo De Palha',246,'Wereldmuziek',NULL,66,1646),('Assaltaram A Gramática',261,'Wereldmuziek',NULL,66,1647),('O Último Romântico (Ao Vivo)',231,'Wereldmuziek',NULL,66,1648),('Pseudo Silk Kimono',134,'Rock',8,67,1649),('Kayleigh',234,'Rock',14,67,1650),('Lavender',153,'Rock',10,67,1651),('Bitter Suite: Brief Encounter / Lost Weekend / Blue Angel',356,'Rock',22,67,1652),('Heart Of Lothian: Wide Boy / Curtain Call',366,'Rock',22,67,1653),('Waterhole (Expresso Bongo)',133,'Rock',8,67,1654),('Lords Of The Backstage',112,'Rock',7,67,1655),('Blind Curve: Vocal Under A Bloodlight / Passing Strangers / Mylo / Perimeter Walk / Threshold',569,'Rock',34,67,1656),('Childhoods End?',272,'Rock',17,67,1657),('White Feather',143,'Rock',8,67,1658),('Arrepio',136,'Wereldmuziek',NULL,68,1659),('Magamalabares',215,'Wereldmuziek',NULL,68,1660),('Chuva No Brejo',145,'Wereldmuziek',NULL,68,1661),('Cérebro Eletrônico',172,'Wereldmuziek',NULL,68,1662),('Tempos Modernos',183,'Wereldmuziek',NULL,68,1663),('Maraçá',230,'Wereldmuziek',NULL,68,1664),('Blanco',45,'Wereldmuziek',NULL,68,1665),('Panis Et Circenses',192,'Wereldmuziek',NULL,68,1666),('De Noite Na Cama',209,'Wereldmuziek',NULL,68,1667),('Beija Eu',197,'Wereldmuziek',NULL,68,1668),('Give Me Love',249,'Wereldmuziek',NULL,68,1669),('Ainda Lembro',218,'Wereldmuziek',NULL,68,1670),('A Menina Dança',129,'Wereldmuziek',NULL,68,1671),('Dança Da Solidão',203,'Wereldmuziek',NULL,68,1672),('Ao Meu Redor',275,'Wereldmuziek',NULL,68,1673),('Bem Leve',159,'Wereldmuziek',NULL,68,1674),('Segue O Seco',178,'Wereldmuziek',NULL,68,1675),('O Xote Das Meninas',291,'Wereldmuziek',NULL,68,1676),('Down Under',222,'Rock',13,69,1677),('Overkill',225,'Rock',13,69,1678),('Be Good Johnny',216,'Rock',13,69,1679),('Everything I Need',216,'Rock',13,69,1680),('Down by the Sea',408,'Rock',24,69,1681),('Who Can It Be Now?',202,'Rock',12,69,1682),('It\'s a Mistake',273,'Rock',17,69,1683),('Dr. Heckyll & Mr. Jive',278,'Rock',17,69,1684),('Shakes and Ladders',198,'Rock',12,69,1685),('No Sign of Yesterday',362,'Rock',22,69,1686),('Enter Sandman',332,'Metal',20,27,1687),('Sad But True',324,'Metal',19,27,1688),('Holier Than Thou',227,'Metal',13,27,1689),('The Unforgiven',387,'Metal',23,27,1690),('Wherever I May Roam',404,'Metal',24,27,1691),('Don\'t Tread On Me',240,'Metal',14,27,1692),('Through The Never',244,'Metal',14,27,1693),('Nothing Else Matters',388,'Metal',23,27,1694),('Of Wolf And Man',256,'Metal',16,27,1695),('The God That Failed',308,'Metal',18,27,1696),('My Friend Of Misery',409,'Metal',24,27,1697),('The Struggle Within',234,'Metal',14,27,1698),('Helpless',398,'Metal',24,27,1699),('The Small Hours',403,'Metal',24,27,1700),('The Wait',295,'Metal',18,27,1701),('Crash Course In Brain Surgery',190,'Metal',12,27,1702),('Last Caress/Green Hell',209,'Metal',12,27,1703),('Am I Evil?',470,'Metal',29,27,1704),('Blitzkrieg',216,'Metal',13,27,1705),('Breadfan',341,'Metal',20,27,1706),('The Prince',265,'Metal',16,27,1707),('Stone Cold Crazy',137,'Metal',8,27,1708),('So What',189,'Metal',11,27,1709),('Killing Time',183,'Metal',11,27,1710),('Overkill',245,'Metal',14,27,1711),('Damage Case',220,'Metal',13,27,1712),('Stone Dead Forever',292,'Metal',18,27,1713),('Too Late Too Late',192,'Metal',12,27,1714),('Hit The Lights',257,'Metal',16,27,1715),('The Four Horsemen',433,'Metal',26,27,1716),('Motorbreath',188,'Metal',11,27,1717),('Jump In The Fire',281,'Metal',17,27,1718),('(Anesthesia) Pulling Teeth',254,'Metal',16,27,1719),('Whiplash',249,'Metal',14,27,1720),('Phantom Lord',302,'Metal',18,27,1721),('No Remorse',386,'Metal',23,27,1722),('Seek & Destroy',415,'Metal',25,27,1723),('Metal Militia',311,'Metal',19,27,1724),('Ain\'t My Bitch',304,'Metal',18,27,1725),('2 X 4',328,'Metal',19,27,1726),('The House Jack Built',398,'Metal',24,27,1727),('Until It Sleeps',269,'Metal',16,27,1728),('King Nothing',328,'Metal',19,27,1729),('Hero Of The Day',261,'Metal',16,27,1730),('Bleeding Me',497,'Metal',30,27,1731),('Cure',294,'Metal',18,27,1732),('Poor Twisted Me',240,'Metal',14,27,1733),('Wasted My Hate',237,'Metal',14,27,1734),('Mama Said',319,'Metal',19,27,1735),('Thorn Within',351,'Metal',22,27,1736),('Ronnie',317,'Metal',19,27,1737),('The Outlaw Torn',588,'Metal',35,27,1738),('Battery',312,'Metal',19,27,1739),('Master Of Puppets',515,'Metal',31,27,1740),('The Thing That Should Not Be',396,'Metal',24,27,1741),('Welcome Home (Sanitarium)',387,'Metal',23,27,1742),('Disposable Heroes',496,'Metal',30,27,1743),('Leper Messiah',347,'Metal',20,27,1744),('Orion',500,'Metal',30,27,1745),('Damage Inc.',330,'Metal',20,27,1746),('Fuel',269,'Metal',16,27,1747),('The Memory Remains',279,'Metal',17,27,1748),('Devil\'s Dance',318,'Metal',19,27,1749),('The Unforgiven II',395,'Metal',24,27,1750),('Better Than You',322,'Metal',19,27,1751),('Slither',313,'Metal',19,27,1752),('Carpe Diem Baby',372,'Metal',23,27,1753),('Bad Seed',245,'Metal',14,27,1754),('Where The Wild Things Are',414,'Metal',25,27,1755),('Prince Charming',365,'Metal',22,27,1756),('Low Man\'s Lyric',457,'Metal',28,27,1757),('Attitude',315,'Metal',19,27,1758),('Fixxxer',496,'Metal',30,27,1759),('Fight Fire With Fire',285,'Metal',17,27,1760),('Ride The Lightning',397,'Metal',24,27,1761),('For Whom The Bell Tolls',311,'Metal',19,27,1762),('Fade To Black',414,'Metal',25,27,1763),('Trapped Under Ice',244,'Metal',14,27,1764),('Escape',264,'Metal',16,27,1765),('Creeping Death',396,'Metal',24,27,1766),('The Call Of Ktulu',534,'Metal',32,27,1767),('Frantic',350,'Metal',22,27,1768),('St. Anger',441,'Metal',26,27,1769),('Some Kind Of Monster',505,'Metal',30,27,1770),('Dirty Window',324,'Metal',19,27,1771),('Invisible Kid',510,'Metal',31,27,1772),('My World',345,'Metal',20,27,1773),('Shoot Me Again',430,'Metal',26,27,1774),('Sweet Amber',327,'Metal',19,27,1775),('The Unnamed Feeling',429,'Metal',25,27,1776),('Purify',314,'Metal',19,27,1777),('All Within My Hands',527,'Metal',31,27,1778),('Blackened',403,'Metal',24,27,1779),('...And Justice For All',585,'Metal',35,27,1780),('Eye Of The Beholder',385,'Metal',23,27,1781),('One',446,'Metal',26,27,1782),('The Shortest Straw',395,'Metal',24,27,1783),('Harvester Of Sorrow',345,'Metal',20,27,1784),('The Frayed Ends Of Sanity',464,'Metal',28,27,1785),('To Live Is To Die',588,'Metal',35,27,1786),('Dyers Eve',313,'Metal',19,27,1787),('Springsville',207,'Jazz',NULL,38,1788),('The Maids Of Cadiz',233,'Jazz',NULL,38,1789),('The Duke',214,'Jazz',NULL,38,1790),('My Ship',268,'Jazz',NULL,38,1791),('Miles Ahead',209,'Jazz',NULL,38,1792),('Blues For Pablo',318,'Jazz',NULL,38,1793),('The Meaning Of The Blues',168,'Jazz',NULL,38,1795),('Lament',134,'Jazz',NULL,38,1796),('I Don\'t Wanna Be Kissed (By Anyone But You)',191,'Jazz',NULL,38,1797),('Springsville (Alternate Take)',196,'Jazz',NULL,38,1798),('Blues For Pablo (Alternate Take)',212,'Jazz',NULL,38,1799),('The Meaning Of The Blues/Lament (Alternate Take)',309,'Jazz',NULL,38,1800),('I Don\'t Wanna Be Kissed (By Anyone But You) (Alternate Take)',192,'Jazz',NULL,38,1801),('Coração De Estudante',238,'Wereldmuziek',NULL,70,1802),('A Noite Do Meu Bem',220,'Wereldmuziek',NULL,70,1803),('Paisagem Na Janela',197,'Wereldmuziek',NULL,70,1804),('Cuitelinho',209,'Wereldmuziek',NULL,70,1805),('Caxangá',245,'Wereldmuziek',NULL,70,1806),('Nos Bailes Da Vida',275,'Wereldmuziek',NULL,70,1807),('Menestrel Das Alagoas',199,'Wereldmuziek',NULL,70,1808),('Brasil',155,'Wereldmuziek',NULL,70,1809),('Canção Do Novo Mundo',215,'Wereldmuziek',NULL,70,1810),('Um Gosto De Sol',307,'Wereldmuziek',NULL,70,1811),('Solar',156,'Wereldmuziek',NULL,70,1812),('Para Lennon E McCartney',321,'Wereldmuziek',NULL,70,1813),('Maria, Maria',72,'Wereldmuziek',NULL,70,1814),('Minas',152,'Wereldmuziek',NULL,70,1815),('Fé Cega, Faca Amolada',278,'Wereldmuziek',NULL,70,1816),('Beijo Partido',229,'Wereldmuziek',NULL,70,1817),('Saudade Dos Aviões Da Panair (Conversando No Bar)',268,'Wereldmuziek',NULL,70,1818),('Gran Circo',251,'Wereldmuziek',NULL,70,1819),('Ponta de Areia',272,'Wereldmuziek',NULL,70,1820),('Trastevere',265,'Wereldmuziek',NULL,70,1821),('Idolatrada',286,'Wereldmuziek',NULL,70,1822),('Leila (Venha Ser Feliz)',209,'Wereldmuziek',NULL,70,1823),('Paula E Bebeto',135,'Wereldmuziek',NULL,70,1824),('Simples',133,'Wereldmuziek',NULL,70,1825),('Norwegian Wood',413,'Wereldmuziek',NULL,70,1826),('Caso Você Queira Saber',205,'Wereldmuziek',NULL,70,1827),('Ace Of Spades',169,'Metal',10,71,1828),('Love Me Like A Reptile',203,'Metal',12,71,1829),('Shoot You In The Back',160,'Metal',10,71,1830),('Live To Win',217,'Metal',13,71,1831),('Fast And Loose',203,'Metal',12,71,1832),('(We Are) The Road Crew',192,'Metal',12,71,1833),('Fire Fire',164,'Metal',10,71,1834),('Jailbait',213,'Metal',13,71,1835),('Dance',158,'Metal',10,71,1836),('Bite The Bullet',98,'Metal',6,71,1837),('The Chase Is Better Than The Catch',258,'Metal',16,71,1838),('The Hammer',168,'Metal',10,71,1839),('Dirty Love',176,'Metal',11,71,1840),('Please Don\'t Touch',169,'Metal',10,71,1841),('Emergency',180,'Metal',11,71,1842),('Kir Royal',234,'Wereldmuziek',NULL,72,1843),('O Que Vai Em Meu Coração',255,'Wereldmuziek',NULL,72,1844),('Aos Leões',234,'Wereldmuziek',NULL,72,1845),('Dois Índios',219,'Wereldmuziek',NULL,72,1846),('Noite Negra',206,'Wereldmuziek',NULL,72,1847),('Beijo do Olhar',252,'Wereldmuziek',NULL,72,1848),('É Fogo',194,'Wereldmuziek',NULL,72,1849),('Já Foi',245,'Wereldmuziek',NULL,72,1850),('Só Se For Pelo Cabelo',238,'Wereldmuziek',NULL,72,1851),('No Clima',249,'Wereldmuziek',NULL,72,1852),('A Moça e a Chuva',274,'Wereldmuziek',NULL,72,1853),('Demorou!',39,'Wereldmuziek',NULL,72,1854),('Bitter Pill',266,'Metal',16,73,1855),('Enslaved',269,'Metal',16,73,1856),('Girls, Girls, Girls',270,'Metal',17,73,1857),('Kickstart My Heart',283,'Metal',17,73,1858),('Wild Side',276,'Metal',17,73,1859),('Glitter',340,'Metal',20,73,1860),('Dr. Feelgood',282,'Metal',17,73,1861),('Same Ol\' Situation',254,'Metal',16,73,1862),('Home Sweet Home',236,'Metal',14,73,1863),('Afraid',248,'Metal',14,73,1864),('Don\'t Go Away Mad (Just Go Away)',279,'Metal',17,73,1865),('Without You',268,'Metal',16,73,1866),('Smokin\' in The Boys Room',206,'Metal',12,73,1867),('Primal Scream',286,'Metal',17,73,1868),('Too Fast For Love',200,'Metal',12,73,1869),('Looks That Kill',240,'Metal',14,73,1870),('Shout At The Devil',221,'Metal',13,73,1871),('Intro',52,'Rock',4,74,1872),('School',160,'Rock',10,74,1873),('Drain You',215,'Rock',13,74,1874),('Aneurysm',271,'Rock',17,74,1875),('Smells Like Teen Spirit',287,'Rock',17,74,1876),('Been A Son',127,'Rock',7,74,1877),('Lithium',250,'Rock',16,74,1878),('Sliver',116,'Rock',7,74,1879),('Spank Thru',190,'Rock',12,74,1880),('Scentless Apprentice',211,'Rock',13,74,1881),('Heart-Shaped Box',281,'Rock',17,74,1882),('Milk It',225,'Rock',13,74,1883),('Negative Creep',163,'Rock',10,74,1884),('Polly',149,'Rock',8,74,1885),('Breed',208,'Rock',12,74,1886),('Tourette\'s',115,'Rock',7,74,1887),('Blew',216,'Rock',13,74,1888),('In Bloom',254,'Rock',16,74,1890),('Come As You Are',219,'Rock',13,74,1891),('Territorial Pissings',143,'Rock',8,74,1895),('Lounge Act',156,'Rock',10,74,1897),('Stay Away',212,'Rock',13,74,1898),('On A Plain',196,'Rock',12,74,1899),('Something In The Way',230,'Rock',14,74,1900),('Time',96,'Rock',6,75,1901),('P.S.Apareça',209,'Rock',12,75,1902),('Sangue Latino',223,'Rock',13,75,1903),('Folhas Secas',161,'Rock',10,75,1904),('Poeira',267,'Rock',16,75,1905),('Mágica',233,'Rock',14,75,1906),('Quem Mata A Mulher Mata O Melhor',262,'Rock',16,75,1907),('Mundaréu',217,'Rock',13,75,1908),('O Braço Da Minha Guitarra',258,'Rock',16,75,1909),('Deus',284,'Rock',17,75,1910),('Mãe Terra',306,'Rock',18,75,1911),('Às Vezes',330,'Rock',20,75,1912),('Menino De Rua',329,'Rock',19,75,1913),('Prazer E Fé',214,'Rock',13,75,1914),('Elza',199,'Rock',12,75,1915),('Requebra',240,'Wereldmuziek',NULL,76,1916),('Nossa Gente (Avisa Là)',188,'Wereldmuziek',NULL,76,1917),('Olodum - Alegria Geral',233,'Wereldmuziek',NULL,76,1918),('Madagáscar Olodum',252,'Wereldmuziek',NULL,76,1919),('Faraó Divindade Do Egito',228,'Wereldmuziek',NULL,76,1920),('Todo Amor (Asas Da Liberdade)',245,'Wereldmuziek',NULL,76,1921),('Denúncia',159,'Wereldmuziek',NULL,76,1922),('Olodum, A Banda Do Pelô',146,'Wereldmuziek',NULL,76,1923),('Cartao Postal',211,'Wereldmuziek',NULL,76,1924),('Jeito Faceiro',217,'Wereldmuziek',NULL,76,1925),('Revolta Olodum',230,'Wereldmuziek',NULL,76,1926),('Protesto Do Olodum (Ao Vivo)',206,'Wereldmuziek',NULL,76,1927),('Olodum - Smile (Instrumental)',235,'Wereldmuziek',NULL,76,1928),('Vulcão Dub - Fui Eu',287,'Wereldmuziek',NULL,77,1929),('O Trem Da Juventude',225,'Wereldmuziek',NULL,77,1930),('Manguetown',162,'Wereldmuziek',NULL,77,1931),('Um Amor, Um Lugar',184,'Wereldmuziek',NULL,77,1932),('Bora-Bora',182,'Wereldmuziek',NULL,77,1933),('Vai Valer',206,'Wereldmuziek',NULL,77,1934),('I Feel Good (I Got You) - Sossego',244,'Wereldmuziek',NULL,77,1935),('Uns Dias',240,'Wereldmuziek',NULL,77,1936),('Sincero Breu',208,'Wereldmuziek',NULL,77,1937),('Meu Erro',188,'Wereldmuziek',NULL,77,1938),('Selvagem',148,'Wereldmuziek',NULL,77,1939),('Brasília 5:31',178,'Wereldmuziek',NULL,77,1940),('Tendo A Lua',198,'Wereldmuziek',NULL,77,1941),('Que País É Este',216,'Wereldmuziek',NULL,77,1942),('Navegar Impreciso',262,'Wereldmuziek',NULL,77,1943),('Feira Moderna',182,'Wereldmuziek',NULL,77,1944),('Tequila - Lourinha Bombril (Parate Y Mira)',255,'Wereldmuziek',NULL,77,1945),('Vamo Batê Lata',228,'Wereldmuziek',NULL,77,1946),('Life During Wartime',259,'Wereldmuziek',NULL,77,1947),('Nebulosa Do Amor',203,'Wereldmuziek',NULL,77,1948),('Caleidoscópio',256,'Wereldmuziek',NULL,77,1949),('Trac Trac',231,'Wereldmuziek',NULL,77,1950),('Mensagen De Amor (2000)',183,'Wereldmuziek',NULL,77,1952),('Lourinha Bombril',159,'Wereldmuziek',NULL,77,1953),('La Bella Luna',192,'Wereldmuziek',NULL,77,1954),('Busca Vida',176,'Wereldmuziek',NULL,77,1955),('Uma Brasileira',217,'Wereldmuziek',NULL,77,1956),('Luis Inacio (300 Picaretas)',198,'Wereldmuziek',NULL,77,1957),('Saber Amar',202,'Wereldmuziek',NULL,77,1958),('Ela Disse Adeus',226,'Wereldmuziek',NULL,77,1959),('O Amor Nao Sabe Esperar',241,'Wereldmuziek',NULL,77,1960),('Aonde Quer Que Eu Va',258,'Wereldmuziek',NULL,77,1961),('Óculos',219,'Wereldmuziek',NULL,77,1963),('Cinema Mudo',227,'Wereldmuziek',NULL,77,1964),('Alagados',302,'Wereldmuziek',NULL,77,1965),('Lanterna Dos Afogados',190,'Wereldmuziek',NULL,77,1966),('Melô Do Marinheiro',208,'Wereldmuziek',NULL,77,1967),('Vital E Sua Moto',210,'Wereldmuziek',NULL,77,1968),('O Beco',189,'Wereldmuziek',NULL,77,1969),('Perplexo',161,'Wereldmuziek',NULL,77,1971),('Me Liga',229,'Wereldmuziek',NULL,77,1972),('Quase Um Segundo',275,'Wereldmuziek',NULL,77,1973),('Romance Ideal',250,'Wereldmuziek',NULL,77,1975),('Será Que Vai Chover?',337,'Wereldmuziek',NULL,77,1976),('SKA',148,'Wereldmuziek',NULL,77,1977),('Bark at the Moon',257,'Rock',16,78,1978),('I Don\'t Know',312,'Rock',19,78,1979),('Crazy Train',295,'Rock',18,78,1980),('Flying High Again',290,'Rock',18,78,1981),('Mama, I\'m Coming Home',251,'Rock',16,78,1982),('No More Tears',444,'Rock',26,78,1983),('Believer',308,'Metal',18,78,1986),('Mr. Crowley',344,'Metal',20,78,1987),('Relvelation (Mother Earth)',349,'Metal',20,78,1989),('Steal Away (The Night)',485,'Metal',29,78,1990),('Suicide Solution (With Guitar Solo)',467,'Metal',28,78,1991),('Iron Man',172,'Metal',11,78,1992),('Children Of The Grave',357,'Metal',22,78,1993),('Paranoid',176,'Metal',11,78,1994),('Goodbye To Romance',334,'Metal',20,78,1995),('No Bone Movies',249,'Metal',14,78,1996),('Dee',261,'Metal',16,78,1997),('Shining In The Light',240,'Rock',14,79,1998),('When The World Was Young',373,'Rock',23,79,1999),('Upon A Golden Horse',232,'Rock',14,79,2000),('Blue Train',405,'Rock',24,79,2001),('Please Read The Letter',262,'Rock',16,79,2002),('Most High',336,'Rock',20,79,2003),('Heart In Your Hand',230,'Rock',14,79,2004),('Walking Into Clarksdale',318,'Rock',19,79,2005),('Burning Up',321,'Rock',19,79,2006),('When I Was A Child',345,'Rock',20,79,2007),('House Of Love',335,'Rock',20,79,2008),('Sons Of Freedom',246,'Rock',14,79,2009),('Wrathchild',170,'Rock',11,80,2010),('Killers',309,'Rock',18,80,2011),('Prowler',240,'Rock',14,80,2012),('Murders In The Rue Morgue',258,'Rock',16,80,2013),('Women In Uniform',189,'Rock',11,80,2014),('Remember Tomorrow',326,'Rock',19,80,2015),('Sanctuary',198,'Rock',12,80,2016),('Running Free',199,'Rock',12,80,2017),('Phantom Of The Opera',418,'Rock',25,80,2018),('Iron Maiden',235,'Rock',14,80,2019),('Corduroy',305,'Rock',18,81,2020),('Given To Fly',233,'Rock',14,81,2021),('Hail, Hail',223,'Rock',13,81,2022),('Daughter',407,'Rock',24,81,2023),('Elderly Woman Behind The Counter In A Small Town',229,'Rock',13,81,2024),('Untitled',122,'Rock',7,81,2025),('MFC',148,'Rock',8,81,2026),('Go',161,'Rock',10,81,2027),('Red Mosquito',242,'Rock',14,81,2028),('Even Flow',317,'Rock',19,81,2029),('Off He Goes',343,'Rock',20,81,2030),('Nothingman',278,'Rock',17,81,2031),('Do The Evolution',225,'Rock',13,81,2032),('Better Man',246,'Rock',14,81,2033),('Black',415,'Rock',25,81,2034),('F*Ckin\' Up',377,'Rock',23,81,2035),('Life Wasted',234,'Rock',14,81,2036),('World Wide Suicide',209,'Rock',12,81,2037),('Comatose',139,'Rock',8,81,2038),('Severed Hand',270,'Rock',17,81,2039),('Marker In The Sand',263,'Rock',16,81,2040),('Parachutes',216,'Rock',13,81,2041),('Unemployable',184,'Rock',11,81,2042),('Big Wave',178,'Rock',11,81,2043),('Gone',249,'Rock',14,81,2044),('Wasted Reprise',53,'Rock',4,81,2045),('Army Reserve',225,'Rock',13,81,2046),('Come Back',329,'Rock',19,81,2047),('Inside Job',428,'Rock',25,81,2048),('Can\'t Keep',219,'Rock',13,81,2049),('Save You',230,'Rock',14,81,2050),('Love Boat Captain',276,'Rock',17,81,2051),('Cropduster',231,'Rock',14,81,2052),('Ghost',195,'Rock',12,81,2053),('I Am Mine',215,'Rock',13,81,2054),('Thumbing My Way',250,'Rock',16,81,2055),('You Are',270,'Rock',17,81,2056),('Get Right',158,'Rock',10,81,2057),('Green Disease',161,'Rock',10,81,2058),('Help Help',215,'Rock',13,81,2059),('Bushleager',237,'Rock',14,81,2060),('1/2 Full',251,'Rock',16,81,2061),('Arc',65,'Rock',4,81,2062),('All or None',277,'Rock',17,81,2063),('Once',231,'Rock',14,81,2064),('Evenflow',293,'Rock',18,81,2065),('Alive',341,'Rock',20,81,2066),('Why Go',200,'Rock',12,81,2067),('Jeremy',318,'Rock',19,81,2069),('Oceans',162,'Rock',10,81,2070),('Porch',210,'Rock',13,81,2071),('Garden',299,'Rock',18,81,2072),('Deep',258,'Rock',16,81,2073),('Release',546,'Rock',32,81,2074),('Animal',169,'Rock',10,81,2076),('Glorified G',206,'Rock',12,81,2078),('Dissident',215,'Rock',13,81,2079),('W.M.A.',359,'Rock',22,81,2080),('Blood',170,'Rock',11,81,2081),('Rearviewmirror',284,'Rock',17,81,2082),('Rats',255,'Rock',16,81,2083),('Leash',189,'Rock',11,81,2085),('Indifference',302,'Rock',18,81,2086),('Speak To Me/Breathe',234,'Rock',14,82,2087),('On The Run',214,'Rock',13,82,2088),('Time',425,'Rock',25,82,2089),('The Great Gig In The Sky',284,'Rock',17,82,2090),('Money',391,'Rock',24,82,2091),('Us And Them',461,'Rock',28,82,2092),('Any Colour You Like',205,'Rock',12,82,2093),('Brain Damage',230,'Rock',14,82,2094),('Eclipse',125,'Rock',7,82,2095),('Bohemian Rhapsody',358,'Rock',22,28,2096),('Another One Bites The Dust',216,'Rock',13,28,2097),('Killer Queen',182,'Rock',11,28,2098),('Fat Bottomed Girls',204,'Rock',12,28,2099),('Bicycle Race',183,'Rock',11,28,2100),('You\'re My Best Friend',172,'Rock',11,28,2101),('Don\'t Stop Me Now',211,'Rock',13,28,2102),('Save Me',228,'Rock',13,28,2103),('Crazy Little Thing Called Love',164,'Rock',10,28,2104),('Somebody To Love',297,'Rock',18,28,2105),('Now I\'m Here',255,'Rock',16,28,2106),('Good Old-Fashioned Lover Boy',175,'Rock',11,28,2107),('Play The Game',213,'Rock',13,28,2108),('Flash',168,'Rock',10,28,2109),('Seven Seas Of Rhye',170,'Rock',11,28,2110),('We Will Rock You',122,'Rock',7,28,2111),('We Are The Champions',180,'Rock',11,28,2112),('Sheer Heart Attack',207,'Rock',12,28,2115),('All Dead, All Dead',190,'Rock',12,28,2116),('Spread Your Wings',275,'Rock',17,28,2117),('Fight From The Inside',184,'Rock',11,28,2118),('Get Down, Make Love',231,'Rock',14,28,2119),('Sleep On The Sidewalk',187,'Rock',11,28,2120),('Who Needs You',186,'Rock',11,28,2121),('It\'s Late',386,'Rock',23,28,2122),('My Melancholy Blues',206,'Rock',12,28,2123),('Shiny Happy People',226,'Rock',13,83,2124),('Me In Honey',246,'Rock',14,83,2125),('Radio Song',255,'Rock',16,83,2126),('Losing My Religion',269,'Rock',16,83,2127),('Low',296,'Rock',18,83,2128),('Near Wild Heaven',199,'Rock',12,83,2129),('Endgame',230,'Rock',14,83,2130),('Belong',247,'Rock',14,83,2131),('Half A World Away',208,'Rock',12,83,2132),('Texarkana',220,'Rock',13,83,2133),('Country Feedback',249,'Rock',14,83,2134),('Pop Song 89',185,'Rock',11,84,2135),('Get Up',160,'Rock',10,84,2136),('You Are The Everything',226,'Rock',13,84,2137),('Stand',192,'Rock',12,84,2138),('World Leader Pretend',259,'Rock',16,84,2139),('The Wrong Child',216,'Rock',13,84,2140),('Orange Crush',231,'Rock',14,84,2141),('Turn You Inside-Out',257,'Rock',16,84,2142),('Hairshirt',235,'Rock',14,84,2143),('I Remember California',304,'Rock',18,84,2144),('Untitled',191,'Rock',12,84,2145),('How The West Was Won And Where It Got Us',271,'Rock',17,84,2146),('The Wake-Up Bomb',308,'Rock',18,84,2147),('New Test Leper',326,'Rock',19,84,2148),('Undertow',309,'Rock',18,84,2149),('E-Bow The Letter',324,'Rock',19,84,2150),('Leave',437,'Rock',26,84,2151),('Departure',209,'Rock',12,84,2152),('Bittersweet Me',245,'Rock',14,84,2153),('Be Mine',333,'Rock',20,84,2154),('Binky The Doormat',301,'Rock',18,84,2155),('Zither',154,'Rock',10,84,2156),('So Fast, So Numb',252,'Rock',16,84,2157),('Low Desert',212,'Rock',13,84,2158),('Electrolite',245,'Rock',14,84,2159),('Carnival Of Sorts',233,'Rock',14,84,2160),('Radio Free Aurope',245,'Rock',14,84,2161),('Perfect Circle',208,'Rock',12,84,2162),('Talk About The Passion',203,'Rock',12,84,2163),('So Central Rain',194,'Rock',12,84,2164),('Don\'t Go Back To Rockville',272,'Rock',17,84,2165),('Pretty Persuasion',229,'Rock',13,84,2166),('Green Grow The Rushes',225,'Rock',13,84,2167),('Can\'t Get There From Here',220,'Rock',13,84,2168),('Driver 8',204,'Rock',12,84,2169),('Fall On Me',172,'Rock',11,84,2170),('I Believe',227,'Rock',13,84,2171),('Cuyahoga',260,'Rock',16,84,2172),('The One I Love',197,'Rock',12,84,2173),('The Finest Worksong',229,'Rock',13,84,2174),('It\'s The End Of The World As We Know It (And I Feel Fine)',244,'Rock',14,84,2175),('Infeliz Natal',138,'Rock',8,85,2176),('A Sua',142,'Rock',8,85,2177),('Papeau Nuky Doe',121,'Rock',7,85,2178),('Merry Christmas',126,'Rock',7,85,2179),('Bodies',180,'Rock',11,85,2180),('Puteiro Em João Pessoa',195,'Rock',12,85,2181),('Esporrei Na Manivela',293,'Rock',18,85,2182),('Bê-a-Bá',249,'Rock',14,85,2183),('Cajueiro',158,'Rock',10,85,2184),('Palhas Do Coqueiro',133,'Rock',8,85,2185),('Maluco Beleza',203,'Rock',12,86,2186),('O Dia Em Que A Terra Parou',261,'Rock',16,86,2187),('No Fundo Do Quintal Da Escola',177,'Rock',11,86,2188),('O Segredo Do Universo',192,'Rock',12,86,2189),('As Profecias',232,'Rock',14,86,2190),('Mata Virgem',142,'Rock',8,86,2191),('Sapato 36',196,'Rock',12,86,2192),('Todo Mundo Explica',134,'Rock',8,86,2193),('Que Luz É Essa',165,'Rock',10,86,2194),('Diamante De Mendigo',206,'Rock',12,86,2195),('Negócio É',175,'Rock',11,86,2196),('Muita Estrela, Pouca Constelação',268,'Rock',16,86,2197),('Século XXI',244,'Rock',14,86,2198),('Rock Das Aranhas (Ao Vivo) (Live)',231,'Rock',14,86,2199),('The Power Of Equality',243,'Rock',14,87,2200),('If You Have To Ask',216,'Rock',13,87,2201),('Breaking The Girl',295,'Rock',18,87,2202),('Funky Monks',323,'Rock',19,87,2203),('Suck My Kiss',217,'Rock',13,87,2204),('I Could Have Lied',244,'Rock',14,87,2205),('Mellowship Slinky In B Major',240,'Rock',14,87,2206),('The Righteous & The Wicked',248,'Rock',14,87,2207),('Give It Away',283,'Rock',17,87,2208),('Blood Sugar Sex Magik',271,'Rock',17,87,2209),('Under The Bridge',264,'Rock',16,87,2210),('Naked In The Rain',265,'Rock',16,87,2211),('Apache Rose Peacock',282,'Rock',17,87,2212),('The Greeting Song',193,'Rock',12,87,2213),('My Lovely Man',279,'Rock',17,87,2214),('Sir Psycho Sexy',496,'Rock',30,87,2215),('They\'re Red Hot',71,'Rock',5,87,2216),('By The Way',218,'Rock',13,87,2217),('Universally Speaking',259,'Rock',16,87,2218),('This Is The Place',257,'Rock',16,87,2219),('Dosed',312,'Rock',19,87,2220),('Don\'t Forget Me',277,'Rock',17,87,2221),('The Zephyr Song',232,'Rock',14,87,2222),('Can\'t Stop',269,'Rock',16,87,2223),('I Could Die For You',193,'Rock',12,87,2224),('Midnight',295,'Rock',18,87,2225),('Throw Away Your Television',224,'Rock',13,87,2226),('Cabron',218,'Rock',13,87,2227),('Tear',317,'Rock',19,87,2228),('On Mercury',208,'Rock',12,87,2229),('Minor Thing',217,'Rock',13,87,2230),('Warm Tape',256,'Rock',16,87,2231),('Venice Queen',369,'Rock',22,87,2232),('Around The World',238,'Rock',14,87,2233),('Parallel Universe',270,'Rock',17,87,2234),('Scar Tissue',217,'Rock',13,87,2235),('Otherside',255,'Rock',16,87,2236),('Get On Top',198,'Rock',12,87,2237),('Californication',321,'Rock',19,87,2238),('Easily',231,'Rock',14,87,2239),('Porcelain',163,'Rock',10,87,2240),('Emit Remmus',240,'Rock',14,87,2241),('I Like Dirt',157,'Rock',10,87,2242),('This Velvet Glove',225,'Rock',13,87,2243),('Savior',292,'Rock',18,87,2244),('Purple Stain',253,'Rock',16,87,2245),('Right On Time',112,'Rock',7,87,2246),('Road Trippin\'',205,'Rock',12,87,2247),('The Spirit Of Radio',299,'Rock',18,88,2248),('The Trees',285,'Rock',17,88,2249),('Something For Nothing',240,'Rock',14,88,2250),('Freewill',324,'Rock',19,88,2251),('Xanadu',667,'Rock',40,88,2252),('Bastille Day',280,'Rock',17,88,2253),('By-Tor And The Snow Dog',519,'Rock',31,88,2254),('Anthem',264,'Rock',16,88,2255),('Closer To The Heart',175,'Rock',11,88,2256),('2112 Overture',272,'Rock',17,88,2257),('The Temples Of Syrinx',133,'Rock',8,88,2258),('La Villa Strangiato',577,'Rock',35,88,2259),('Fly By Night',202,'Rock',12,88,2260),('Finding My Way',305,'Rock',18,88,2261),('Jingo',592,'Rock',36,36,2262),('El Corazon Manda',713,'Rock',43,36,2263),('La Puesta Del Sol',628,'Rock',37,36,2264),('Persuasion',318,'Rock',19,36,2265),('As The Years Go by',233,'Rock',14,36,2266),('Soul Sacrifice',296,'Rock',18,36,2267),('Fried Neckbones And Home Fries',638,'Rock',38,36,2268),('Santana Jam',882,'Rock',53,36,2269),('Evil Ways',475,'Rock',29,36,2270),('We\'ve Got To Get Together/Jingo',1070,'Rock',65,36,2271),('Rock Me',94,'Rock',6,36,2272),('Just Ain\'t Good Enough',850,'Rock',52,36,2273),('Funky Piano',934,'Rock',56,36,2274),('The Way You Do To Mer',618,'Rock',37,36,2275),('Água E Fogo',278,'Rock',17,89,2276),('Três Lados',233,'Rock',14,89,2277),('Ela Desapareceu',250,'Rock',16,89,2278),('Balada Do Amor Inabalável',240,'Rock',14,89,2279),('Canção Noturna',238,'Rock',14,89,2280),('Muçulmano',249,'Rock',14,89,2281),('Maquinarama',245,'Rock',14,89,2282),('Rebelião',298,'Rock',18,89,2283),('A Última Guerra',314,'Rock',19,89,2284),('Fica',272,'Rock',17,89,2285),('Ali',306,'Rock',18,89,2286),('Preto Damião',264,'Rock',16,89,2287),('É Uma Partida De Futebol',1,'Rock',0,89,2288),('Eu Disse A Ela',254,'Rock',16,89,2289),('Zé Trindade',247,'Rock',14,89,2290),('Garota Nacional',317,'Rock',19,89,2291),('Tão Seu',243,'Rock',14,89,2292),('Sem Terra',279,'Rock',17,89,2293),('Os Exilados',245,'Rock',14,89,2294),('Um Dia Qualquer',292,'Rock',18,89,2295),('Los Pretos',239,'Rock',14,89,2296),('Sul Da América',254,'Rock',16,89,2297),('Poconé',318,'Rock',19,89,2298),('Lucky 13',189,'Rock',11,90,2299),('Aeroplane Flies High',473,'Rock',29,90,2300),('Because You Are',226,'Rock',13,90,2301),('Slow Dawn',192,'Rock',12,90,2302),('Believe',192,'Rock',12,90,2303),('My Mistake',240,'Rock',14,90,2304),('Marquis In Spades',192,'Rock',12,90,2305),('Here\'s To The Atom Bomb',266,'Rock',16,90,2306),('Sparrow',176,'Rock',11,90,2307),('Waiting',228,'Rock',13,90,2308),('Saturnine',229,'Rock',13,90,2309),('Rock On',366,'Rock',22,90,2310),('Set The Ray To Jerry',249,'Rock',14,90,2311),('Winterlong',299,'Rock',18,90,2312),('Soot & Stars',399,'Rock',24,90,2313),('Blissed & Gone',286,'Rock',17,90,2314),('Siva',261,'Rock',16,90,2315),('Rhinocerous',353,'Rock',22,90,2316),('Drown',270,'Rock',17,90,2317),('Cherub Rock',299,'Rock',18,90,2318),('Today',202,'Rock',12,90,2319),('Disarm',198,'Rock',12,90,2320),('Landslide',190,'Rock',12,90,2321),('Bullet With Butterfly Wings',257,'Rock',16,90,2322),('1979',263,'Rock',16,90,2323),('Zero',161,'Rock',10,90,2324),('Tonight, Tonight',255,'Rock',16,90,2325),('Eye',294,'Rock',18,90,2326),('Ava Adore',261,'Rock',16,90,2327),('Perfect',203,'Rock',12,90,2328),('The Everlasting Gaze',242,'Rock',14,90,2329),('Stand Inside Your Love',253,'Rock',16,90,2330),('Real Love',250,'Rock',16,90,2331),('[Untitled]',231,'Rock',14,90,2332),('Nothing To Say',238,'Rock',14,91,2333),('Flower',208,'Rock',12,91,2334),('Loud Love',297,'Rock',18,91,2335),('Hands All Over',362,'Rock',22,91,2336),('Get On The Snake',225,'Rock',13,91,2337),('Jesus Christ Pose',352,'Rock',22,91,2338),('Outshined',312,'Rock',19,91,2339),('Rusty Cage',267,'Rock',16,91,2340),('Spoonman',248,'Rock',14,91,2341),('The Day I Tried To Live',321,'Rock',19,91,2342),('Black Hole Sun',320,'Rock',19,91,2343),('Fell On Black Days',282,'Rock',17,91,2344),('Pretty Noose',253,'Rock',16,91,2345),('Burden In My Hand',292,'Rock',18,91,2346),('Blow Up The Outside World',347,'Rock',20,91,2347),('Ty Cobb',188,'Rock',11,91,2348),('Bleed Together',232,'Rock',14,91,2349),('Morning Dance',238,'Jazz',NULL,30,2350),('Jubilee',275,'Jazz',NULL,30,2351),('Rasul',238,'Jazz',NULL,30,2352),('Song For Lorraine',240,'Jazz',NULL,30,2353),('Starburst',291,'Jazz',NULL,30,2354),('Heliopolis',338,'Jazz',NULL,30,2355),('It Doesn\'t Matter',270,'Jazz',NULL,30,2356),('Little Linda',264,'Jazz',NULL,30,2357),('End Of Romanticism',320,'Jazz',NULL,30,2358),('The House Is Rockin\'',144,'Blues',NULL,92,2359),('Crossfire',251,'Blues',NULL,92,2360),('Tightrope',281,'Blues',NULL,92,2361),('Let Me Love You Baby',164,'Blues',NULL,92,2362),('Leave My Girl Alone',256,'Blues',NULL,92,2363),('Travis Walk',140,'Blues',NULL,92,2364),('Wall Of Denial',336,'Blues',NULL,92,2365),('Scratch-N-Sniff',163,'Blues',NULL,92,2366),('Love Me Darlin\'',201,'Blues',NULL,92,2367),('Riviera Paradise',528,'Blues',NULL,92,2368),('Dead And Bloated',310,'Rock',19,93,2369),('Sex Type Thing',218,'Rock',13,93,2370),('Wicked Garden',245,'Rock',14,93,2371),('No Memory',80,'Rock',5,93,2372),('Sin',364,'Rock',22,93,2373),('Naked Sunday',229,'Rock',13,93,2374),('Creep',333,'Rock',20,93,2375),('Piece Of Pie',324,'Rock',19,93,2376),('Plush',314,'Rock',19,93,2377),('Wet My Bed',96,'Rock',6,93,2378),('Crackerman',194,'Rock',12,93,2379),('Where The River Goes',505,'Rock',30,93,2380),('Soldier Side - Intro',63,'Metal',4,94,2381),('B.Y.O.B.',255,'Metal',16,94,2382),('Revenga',228,'Metal',13,94,2383),('Cigaro',131,'Metal',8,94,2384),('Radio/Video',249,'Metal',14,94,2385),('This Cocaine Makes Me Feel Like I\'m On This Song',128,'Metal',7,94,2386),('Violent Pornography',211,'Metal',13,94,2387),('Question!',200,'Metal',12,94,2388),('Sad Statue',205,'Metal',12,94,2389),('Old School Hollywood',176,'Metal',11,94,2390),('Lost in Hollywood',320,'Metal',19,94,2391),('The Sun Road',880,'Rock',53,95,2392),('Dark Corners',513,'Rock',31,95,2393),('Duende',447,'Rock',26,95,2394),('Black Light Syndrome',526,'Rock',31,95,2395),('Falling in Circles',549,'Rock',32,95,2396),('Book of Hours',583,'Rock',35,95,2397),('Chaos-Control',529,'Rock',31,95,2398),('Midnight From The Inside Out',286,'Blues',NULL,96,2399),('Sting Me',268,'Blues',NULL,96,2400),('Thick & Thin',222,'Blues',NULL,96,2401),('Greasy Grass River',218,'Blues',NULL,96,2402),('Sometimes Salvation',389,'Blues',NULL,96,2403),('Cursed Diamonds',368,'Blues',NULL,96,2404),('Miracle To Me',372,'Blues',NULL,96,2405),('Wiser Time',459,'Blues',NULL,96,2406),('Girl From A Pawnshop',404,'Blues',NULL,96,2407),('Cosmic Fiend',308,'Blues',NULL,96,2408),('Black Moon Creeping',359,'Blues',NULL,96,2409),('High Head Blues',371,'Blues',NULL,96,2410),('Title Song',505,'Blues',NULL,96,2411),('She Talks To Angels',361,'Blues',NULL,96,2412),('Twice As Hard',275,'Blues',NULL,96,2413),('Lickin\'',314,'Blues',NULL,96,2414),('Soul Singing',233,'Blues',NULL,96,2415),('Hard To Handle',206,'Blues',NULL,96,2416),('Remedy',337,'Blues',NULL,96,2417),('White Riot',118,'Rock',7,97,2418),('Remote Control',180,'Rock',11,97,2419),('Complete Control',192,'Rock',12,97,2420),('Clash City Rockers',227,'Rock',13,97,2421),('(White Man) In Hammersmith Palais',240,'Rock',14,97,2422),('Tommy Gun',195,'Rock',12,97,2423),('English Civil War',156,'Rock',10,97,2424),('I Fought The Law',159,'Rock',10,97,2425),('London Calling',199,'Rock',12,97,2426),('Train In Vain',189,'Rock',11,97,2427),('Bankrobber',272,'Rock',17,97,2428),('The Call Up',324,'Rock',19,97,2429),('Hitsville UK',261,'Rock',16,97,2430),('The Magnificent Seven',268,'Rock',16,97,2431),('This Is Radio Clash',249,'Rock',14,97,2432),('Know Your Rights',217,'Rock',13,97,2433),('Rock The Casbah',222,'Rock',13,97,2434),('Should I Stay Or Should I Go',187,'Rock',11,97,2435),('War (The Process)',252,'Rock',16,98,2436),('The Saint',216,'Rock',13,98,2437),('Rise',219,'Rock',13,98,2438),('Take The Power',235,'Rock',14,98,2439),('Breathe',299,'Rock',18,98,2440),('Nico',289,'Rock',17,98,2441),('American Gothic',236,'Rock',14,98,2442),('Ashes And Ghosts',300,'Rock',18,98,2443),('Shape The Sky',209,'Rock',12,98,2444),('Speed Of Light',262,'Rock',16,98,2445),('True Believers',308,'Rock',18,98,2446),('My Bridges Burn',231,'Rock',14,98,2447),('She Sells Sanctuary',253,'Rock',16,98,2448),('Fire Woman',312,'Rock',19,98,2449),('Lil\' Evil',165,'Rock',10,98,2450),('Spirit Walker',230,'Rock',14,98,2451),('The Witch',258,'Rock',16,98,2452),('Revolution',256,'Rock',16,98,2453),('Wild Hearted Son',266,'Rock',16,98,2454),('Love Removal Machine',257,'Rock',16,98,2455),('Rain',236,'Rock',14,98,2456),('Edie (Ciao Baby)',241,'Rock',14,98,2457),('Heart Of Soul',274,'Rock',17,98,2458),('Love',326,'Rock',19,98,2459),('Wild Flower',215,'Rock',13,98,2460),('Go West',238,'Rock',14,98,2461),('Resurrection Joe',255,'Rock',16,98,2462),('Sun King',368,'Rock',22,98,2463),('Sweet Soul Sister',212,'Rock',13,98,2464),('Earth Mofo',282,'Rock',17,98,2465),('Break on Through',149,'Rock',8,99,2466),('Soul Kitchen',215,'Rock',13,99,2467),('The Crystal Ship',154,'Rock',10,99,2468),('Twentienth Century Fox',153,'Rock',10,99,2469),('Alabama Song',200,'Rock',12,99,2470),('Light My Fire',428,'Rock',25,99,2471),('Back Door Man',214,'Rock',13,99,2472),('I Looked At You',142,'Rock',8,99,2473),('End Of The Night',172,'Rock',11,99,2474),('Take It As It Comes',137,'Rock',8,99,2475),('The End',701,'Rock',42,99,2476),('Roxanne',192,'Rock',12,100,2477),('Can\'t Stand Losing You',181,'Rock',11,100,2478),('Message in a Bottle',291,'Rock',18,100,2479),('Walking on the Moon',302,'Rock',18,100,2480),('Don\'t Stand so Close to Me',241,'Rock',14,100,2481),('De Do Do Do, De Da Da Da',247,'Rock',14,100,2482),('Every Little Thing She Does is Magic',261,'Rock',16,100,2483),('Invisible Sun',225,'Rock',13,100,2484),('Spirit\'s in the Material World',181,'Rock',11,100,2485),('Every Breath You Take',254,'Rock',16,100,2486),('King Of Pain',300,'Rock',18,100,2487),('Wrapped Around Your Finger',315,'Rock',19,100,2488),('Don\'t Stand So Close to Me \'86',293,'Rock',18,100,2489),('Message in a Bottle (new classic rock mix)',290,'Rock',18,100,2490),('Time Is On My Side',179,'Rock',11,101,2491),('Heart Of Stone',164,'Rock',10,101,2492),('Play With Fire',132,'Rock',8,101,2493),('Satisfaction',226,'Rock',13,101,2494),('As Tears Go By',164,'Rock',10,101,2495),('Get Off Of My Cloud',176,'Rock',11,101,2496),('Mother\'s Little Helper',167,'Rock',10,101,2497),('19th Nervous Breakdown',237,'Rock',14,101,2498),('Paint It Black',226,'Rock',13,101,2499),('Under My Thumb',221,'Rock',13,101,2500),('Ruby Tuesday',197,'Rock',12,101,2501),('Let\'s Spend The Night Together',217,'Rock',13,101,2502),('Intro',49,'Rock',2,101,2503),('You Got Me Rocking',205,'Rock',12,101,2504),('Gimmie Shelters',382,'Rock',23,101,2505),('Flip The Switch',252,'Rock',16,101,2506),('Memory Motel',365,'Rock',22,101,2507),('Corinna',257,'Rock',16,101,2508),('Saint Of Me',325,'Rock',19,101,2509),('Wainting On A Friend',302,'Rock',18,101,2510),('Sister Morphine',376,'Rock',23,101,2511),('Live With Me',234,'Rock',14,101,2512),('Respectable',215,'Rock',13,101,2513),('Thief In The Night',337,'Rock',20,101,2514),('The Last Time',287,'Rock',17,101,2515),('Out Of Control',479,'Rock',29,101,2516),('Love Is Strong',230,'Rock',14,101,2517),('Sparks Will Fly',196,'Rock',12,101,2519),('The Worst',144,'Rock',8,101,2520),('New Faces',172,'Rock',11,101,2521),('Moon Is Up',222,'Rock',13,101,2522),('Out Of Tears',327,'Rock',19,101,2523),('I Go Wild',264,'Rock',16,101,2524),('Brand New Car',256,'Rock',16,101,2525),('Sweethearts Together',285,'Rock',17,101,2526),('Suck On The Jugular',268,'Rock',16,101,2527),('Blinded By Rainbows',273,'Rock',17,101,2528),('Baby Break It Down',249,'Rock',14,101,2529),('Thru And Thru',375,'Rock',23,101,2530),('Mean Disposition',249,'Rock',14,101,2531),('Walking Wounded',277,'Rock',17,102,2532),('Temptation',205,'Rock',12,102,2533),('The Messenger',212,'Rock',13,102,2534),('Psychopomp',315,'Rock',19,102,2535),('Sister Awake',343,'Rock',20,102,2536),('The Bazaar',222,'Rock',13,102,2537),('Save Me (Remix)',396,'Rock',24,102,2538),('Fire In The Head',306,'Rock',18,102,2539),('Release',244,'Rock',14,102,2540),('Heaven Coming Down',241,'Rock',14,102,2541),('The River (Remix)',343,'Rock',20,102,2542),('Babylon',169,'Rock',10,102,2543),('Waiting On A Sign',261,'Rock',16,102,2544),('Life Line',277,'Rock',17,102,2545),('Paint It Black',214,'Rock',13,102,2546),('Army Ants',215,'Rock',13,102,2548),('Gyroscope',177,'Rock',11,102,2550),('Alarum',298,'Rock',18,102,2551),('Transmission',317,'Rock',19,102,2553),('Pulse',250,'Rock',16,102,2555),('Emerald',289,'Rock',17,102,2556),('Aftermath',343,'Rock',20,102,2557),('I Can\'t Explain',125,'Rock',7,103,2558),('Anyway, Anyhow, Anywhere',161,'Rock',10,103,2559),('My Generation',197,'Rock',12,103,2560),('Substitute',228,'Rock',13,103,2561),('I\'m A Boy',157,'Rock',10,103,2562),('Boris The Spider',149,'Rock',8,103,2563),('Happy Jack',132,'Rock',8,103,2564),('Pictures Of Lily',164,'Rock',10,103,2565),('I Can See For Miles',262,'Rock',16,103,2566),('Magic Bus',197,'Rock',12,103,2567),('Pinball Wizard',181,'Rock',11,103,2568),('The Seeker',204,'Rock',12,103,2569),('Baba O\'Riley',309,'Rock',18,103,2570),('Won\'t Get Fooled Again (Full Length Version)',513,'Rock',31,103,2571),('Let\'s See Action',243,'Rock',14,103,2572),('5.15',289,'Rock',17,103,2573),('Join Together',262,'Rock',16,103,2574),('Squeeze Box',161,'Rock',10,103,2575),('Who Are You (Single Edit Version)',299,'Rock',18,103,2576),('You Better You Bet',338,'Rock',20,103,2577),('Primavera',126,'Wereldmuziek',NULL,104,2578),('Chocolate',194,'Wereldmuziek',NULL,104,2579),('Azul Da Cor Do Mar',197,'Wereldmuziek',NULL,104,2580),('O Descobridor Dos Sete Mares',262,'Wereldmuziek',NULL,104,2581),('Até Que Enfim Encontrei Você',105,'Wereldmuziek',NULL,104,2582),('Coroné Antonio Bento',131,'Wereldmuziek',NULL,104,2583),('New Love',237,'Wereldmuziek',NULL,104,2584),('Não Vou Ficar',172,'Wereldmuziek',NULL,104,2585),('Música No Ar',158,'Wereldmuziek',NULL,104,2586),('Salve Nossa Senhora',115,'Wereldmuziek',NULL,104,2587),('Você Fugiu',238,'Wereldmuziek',NULL,104,2588),('Cristina Nº 2',90,'Wereldmuziek',NULL,104,2589),('Compadre',171,'Wereldmuziek',NULL,104,2590),('Over Again',200,'Wereldmuziek',NULL,104,2591),('Réu Confesso',217,'Wereldmuziek',NULL,104,2592),('O Que Me Importa',153,'Wereldmuziek',NULL,104,2593),('Gostava Tanto De Você',253,'Wereldmuziek',NULL,104,2594),('Você',242,'Wereldmuziek',NULL,104,2595),('Não Quero Dinheiro',152,'Wereldmuziek',NULL,104,2596),('Eu Amo Você',242,'Wereldmuziek',NULL,104,2597),('A Festa Do Santo Reis',159,'Wereldmuziek',NULL,104,2598),('I Don\'t Know What To Do With Myself',221,'Wereldmuziek',NULL,104,2599),('Padre Cícero',139,'Wereldmuziek',NULL,104,2600),('Nosso Adeus',206,'Wereldmuziek',NULL,104,2601),('Canário Do Reino',139,'Wereldmuziek',NULL,104,2602),('Preciso Ser Amado',174,'Wereldmuziek',NULL,104,2603),('Balanço',209,'Wereldmuziek',NULL,104,2604),('Preciso Aprender A Ser Só',162,'Wereldmuziek',NULL,104,2605),('Esta É A Canção',184,'Wereldmuziek',NULL,104,2606),('Formigueiro',252,'Wereldmuziek',NULL,104,2607),('Comida',322,'Rock',19,105,2608),('Go Back',230,'Rock',14,105,2609),('Prá Dizer Adeus',222,'Rock',13,105,2610),('Família',218,'Rock',13,105,2611),('Os Cegos Do Castelo',296,'Rock',18,105,2612),('O Pulso',199,'Rock',12,105,2613),('Marvin',264,'Rock',16,105,2614),('Nem 5 Minutos Guardados',245,'Rock',14,105,2615),('Flores',215,'Rock',13,105,2616),('Palavras',158,'Rock',10,105,2617),('Hereditário',151,'Rock',10,105,2618),('A Melhor Forma',191,'Rock',12,105,2619),('Cabeça Dinossauro',37,'Rock',2,105,2620),('32 Dentes',184,'Rock',11,105,2621),('Bichos Escrotos (Vinheta)',104,'Rock',6,105,2622),('Não Vou Lutar',189,'Rock',11,105,2623),('Homem Primata (Vinheta)',34,'Rock',2,105,2624),('Homem Primata',195,'Rock',12,105,2625),('Polícia (Vinheta)',56,'Rock',4,105,2626),('Querem Meu Sangue',212,'Rock',13,105,2627),('Diversão',285,'Rock',17,105,2628),('Televisão',293,'Rock',18,105,2629),('Sonifera Ilha',170,'Rock',11,105,2630),('Lugar Nenhum',195,'Rock',12,105,2631),('Sua Impossivel Chance',246,'Rock',14,105,2632),('Desordem',213,'Rock',13,105,2633),('Não Vou Me Adaptar',221,'Rock',13,105,2634),('Domingo',208,'Rock',12,105,2635),('Amanhã Não Se Sabe',189,'Rock',11,105,2636),('Caras Como Eu',183,'Rock',11,105,2637),('Senhora E Senhor',203,'Rock',12,105,2638),('Era Uma Vez',224,'Rock',13,105,2639),('Miséria',262,'Rock',16,105,2640),('Insensível',207,'Rock',12,105,2641),('Eu E Ela',276,'Rock',17,105,2642),('Toda Cor',209,'Rock',12,105,2643),('É Preciso Saber Viver',251,'Rock',16,105,2644),('Senhor Delegado/Eu Não Aguento',156,'Rock',10,105,2645),('Don\'t Look Back',2571,'Klassiek',52,106,2646),('One Giant Leap',2607,'Klassiek',52,106,2647),('Collision',2605,'Klassiek',52,106,2648),('Hiros',2533,'Klassiek',50,106,2649),('Better Halves',2573,'Klassiek',52,106,2650),('Seven Minutes to Midnight',2613,'Klassiek',53,106,2651),('Homecoming',2601,'Klassiek',52,106,2652),('Fallout',2594,'Klassiek',52,106,2653),('The Fix',2600,'Klassiek',52,106,2654),('Distractions',2590,'Klassiek',52,106,2655),('Run!',2602,'Klassiek',52,106,2656),('Unexpected',2598,'Klassiek',52,106,2657),('Company Man',2601,'Klassiek',52,106,2658),('Parasite',2602,'Klassiek',52,106,2660),('7%',2585,'Klassiek',52,106,2661),('Five Years Gone',2587,'Klassiek',52,106,2662),('The Hard Part',2601,'Klassiek',52,106,2663),('Landslide',2600,'Klassiek',52,106,2664),('How to Stop an Exploding Man',2687,'Klassiek',54,106,2665),('The Glass Ballerina',2637,'Klassiek',53,107,2666),('Every Man for Himself',2637,'Klassiek',53,107,2667),('Not In Portland',2637,'Klassiek',53,107,2668),('Flashes Before Your Eyes',2636,'Klassiek',53,107,2670),('Lost Survival Guide',2632,'Klassiek',53,107,2671),('Stranger In a Strange Land',2636,'Klassiek',53,107,2672),('Tricia Tanaka Is Dead',2635,'Klassiek',53,107,2673),('Enter 77',2629,'Klassiek',53,107,2674),('Par Avion',2629,'Klassiek',53,107,2675),('The Man from Tallahassee',2637,'Klassiek',53,107,2676),('Exposé',2593,'Klassiek',52,107,2677),('Left Behind',2635,'Klassiek',53,107,2678),('One of Us',2638,'Klassiek',53,107,2679),('Catch-22',2561,'Klassiek',52,107,2680),('D.O.C.',2616,'Klassiek',53,107,2681),('The Brig',2617,'Klassiek',53,107,2682),('The Man Behind the Curtain',2615,'Klassiek',53,107,2683),('Greatest Hits',2617,'Klassiek',53,107,2684),('Through a Looking Glass',5088,'Klassiek',102,107,2685),('Through the Looking Glass, Pt. 2',2617,'Klassiek',53,107,2686),('Through the Looking Glass, Pt. 1',2610,'Klassiek',53,107,2687),('The Hunting Party',2611,'Klassiek',53,107,2688),('Fire + Water',2600,'Klassiek',52,107,2689),('One of Them',2698,'Klassiek',54,107,2690),('Maternity Leave',2780,'Klassiek',55,107,2691),('The Whole Truth',2610,'Klassiek',53,107,2692),('Lockdown',2610,'Klassiek',53,107,2693),('Two for the Road',2610,'Klassiek',53,107,2694),('Live Together, Die Alone, Pt. 1',2478,'Klassiek',49,107,2695),('Zoo Station',276,'Rock',17,108,2696),('Even Better Than The Real Thing',221,'Rock',13,108,2697),('One',276,'Rock',17,108,2698),('Until The End Of The World',278,'Rock',17,108,2699),('Who\'s Gonna Ride Your Wild Horses',316,'Rock',19,108,2700),('So Cruel',349,'Rock',20,108,2701),('The Fly',268,'Rock',16,108,2702),('Mysterious Ways',243,'Rock',14,108,2703),('Tryin\' To Throw Your Arms Around The World',232,'Rock',14,108,2704),('Ultraviolet (Light My Way)',330,'Rock',20,108,2705),('Acrobat',270,'Rock',17,108,2706),('Love Is Blindness',263,'Rock',16,108,2707),('Beautiful Day',248,'Rock',14,108,2708),('Stuck In A Moment You Can\'t Get Out Of',272,'Rock',17,108,2709),('Elevation',227,'Rock',13,108,2710),('Walk On',296,'Rock',18,108,2711),('Kite',266,'Rock',16,108,2712),('In A Little While',219,'Rock',13,108,2713),('Wild Honey',226,'Rock',13,108,2714),('Peace On Earth',288,'Rock',17,108,2715),('When I Look At The World',257,'Rock',16,108,2716),('New York',330,'Rock',20,108,2717),('Grace',330,'Rock',20,108,2718),('The Three Sunrises',234,'Rock',14,108,2719),('Spanish Eyes',196,'Rock',12,108,2720),('Sweetest Thing',185,'Rock',11,108,2721),('Love Comes Tumbling',282,'Rock',17,108,2722),('Bass Trap',213,'Rock',13,108,2723),('Dancing Barefoot',287,'Rock',17,108,2724),('Everlasting Love',202,'Rock',12,108,2725),('Unchained Melody',294,'Rock',18,108,2726),('Walk To The Water',289,'Rock',17,108,2727),('Luminous Times (Hold On To Love)',277,'Rock',17,108,2728),('Hallelujah Here She Comes',242,'Rock',14,108,2729),('Silver And Gold',279,'Rock',17,108,2730),('Endless Deep',179,'Rock',11,108,2731),('A Room At The Heartbreak Hotel',274,'Rock',17,108,2732),('Trash, Trampoline And The Party Girl',153,'Rock',10,108,2733),('Vertigo',194,'Rock',12,108,2734),('Miracle Drug',239,'Rock',14,108,2735),('Sometimes You Can\'t Make It On Your Own',308,'Rock',18,108,2736),('Love And Peace Or Else',290,'Rock',18,108,2737),('City Of Blinding Lights',347,'Rock',20,108,2738),('All Because Of You',219,'Rock',13,108,2739),('A Man And A Woman',270,'Rock',17,108,2740),('Crumbs From Your Table',303,'Rock',18,108,2741),('One Step Closer',231,'Rock',14,108,2742),('Original Of The Species',281,'Rock',17,108,2743),('Yahweh',262,'Rock',16,108,2744),('Discotheque',319,'Rock',19,108,2745),('Do You Feel Loved',307,'Rock',18,108,2746),('Mofo',349,'Rock',20,108,2747),('If God Will Send His Angels',322,'Rock',19,108,2748),('Staring At The Sun',276,'Rock',17,108,2749),('Last Night On Earth',285,'Rock',17,108,2750),('Gone',266,'Rock',16,108,2751),('Miami',293,'Rock',18,108,2752),('The Playboy Mansion',280,'Rock',17,108,2753),('If You Wear That Velvet Dress',315,'Rock',19,108,2754),('Please',302,'Rock',18,108,2755),('Wake Up Dead Man',292,'Rock',18,108,2756),('Helter Skelter',187,'Rock',11,108,2757),('Van Diemen\'s Land',186,'Rock',11,108,2758),('Desire',179,'Rock',11,108,2759),('Hawkmoon 269',382,'Rock',23,108,2760),('All Along The Watchtower',264,'Rock',16,108,2761),('I Still Haven\'t Found What I\'m Looking for',353,'Rock',22,108,2762),('Freedom For My People',38,'Rock',2,108,2763),('Pride (In The Name Of Love)',267,'Rock',16,108,2765),('Angel Of Harlem',229,'Rock',13,108,2766),('Love Rescue Me',384,'Rock',23,108,2767),('When Love Comes To Town',255,'Rock',16,108,2768),('Heartland',303,'Rock',18,108,2769),('God Part II',195,'Rock',12,108,2770),('The Star Spangled Banner',43,'Rock',2,108,2771),('Bullet The Blue Sky',337,'Rock',20,108,2772),('All I Want Is You',390,'Rock',24,108,2773),('New Year\'s Day',258,'Rock',16,108,2775),('With Or Without You',299,'Rock',18,108,2776),('Sunday Bloody Sunday',282,'Rock',17,108,2778),('Bad',351,'Rock',22,108,2779),('Where The Streets Have No Name',276,'Rock',17,108,2780),('I Will Follow',218,'Rock',13,108,2781),('The Unforgettable Fire',295,'Rock',18,108,2782),('Seconds',191,'Rock',12,108,2789),('Like A Song...',287,'Rock',17,108,2791),('Drowning Man',254,'Rock',16,108,2792),('The Refugee',221,'Rock',13,108,2793),('Two Hearts Beat As One',243,'Rock',14,108,2794),('Red Light',225,'Rock',13,108,2795),('Surrender',333,'Rock',20,108,2796),('Zooropa',392,'Rock',24,108,2797),('Babyface',241,'Rock',14,108,2798),('Numb',260,'Rock',16,108,2799),('Lemon',418,'Rock',25,108,2800),('Stay (Faraway, So Close!)',298,'Rock',18,108,2801),('Daddy\'s Gonna Pay For Your Crashed Car',320,'Rock',19,108,2802),('Some Days Are Better Than Others',257,'Rock',16,108,2803),('The First Time',225,'Rock',13,108,2804),('Dirty Day',324,'Rock',19,108,2805),('The Wanderer',283,'Rock',17,108,2806),('Where Have All The Good Times Gone?',186,'Rock',11,109,2807),('Hang \'Em High',210,'Rock',13,109,2808),('Cathedral',82,'Rock',5,109,2809),('Secrets',206,'Rock',12,109,2810),('Intruder',100,'Rock',6,109,2811),('(Oh) Pretty Woman',174,'Rock',11,109,2812),('Dancing In The Street',225,'Rock',13,109,2813),('Little Guitars (Intro)',42,'Rock',2,109,2814),('Little Guitars',228,'Rock',13,109,2815),('Big Bad Bill (Is Sweet William Now)',165,'Rock',10,109,2816),('The Full Bug',201,'Rock',12,109,2817),('Happy Trails',65,'Rock',4,109,2818),('Eruption',102,'Rock',6,109,2819),('Ain\'t Talkin\' \'bout Love',228,'Rock',13,109,2820),('Runnin\' With The Devil',215,'Rock',13,109,2821),('Dance the Night Away',185,'Rock',11,109,2822),('And the Cradle Will Rock...',213,'Rock',13,109,2823),('Unchained',208,'Rock',12,109,2824),('Jump',241,'Rock',14,109,2825),('Panama',211,'Rock',13,109,2826),('Why Can\'t This Be Love',227,'Rock',13,109,2827),('Dreams',291,'Rock',18,109,2828),('When It\'s Love',338,'Rock',20,109,2829),('Poundcake',321,'Rock',19,109,2830),('Right Now',321,'Rock',19,109,2831),('Can\'t Stop Loving You',248,'Rock',14,109,2832),('Humans Being',308,'Rock',18,109,2833),('Can\'t Get This Stuff No More',315,'Rock',19,109,2834),('Me Wise Magic',366,'Rock',22,109,2835),('You Really Got Me',158,'Rock',10,109,2838),('I\'m The One',226,'Rock',13,109,2840),('Jamie\'s Cryin\'',210,'Rock',13,109,2841),('Atomic Punk',182,'Rock',11,109,2842),('Feel Your Love Tonight',222,'Rock',13,109,2843),('Little Dreamer',203,'Rock',12,109,2844),('Ice Cream Man',200,'Rock',12,109,2845),('On Fire',180,'Rock',11,109,2846),('Neworld',105,'Rock',6,109,2847),('Without You',390,'Rock',24,109,2848),('One I Want',330,'Rock',20,109,2849),('From Afar',324,'Rock',19,109,2850),('Dirty Water Dog',327,'Rock',19,109,2851),('Once',462,'Rock',28,109,2852),('Fire in the Hole',331,'Rock',20,109,2853),('Josephina',342,'Rock',20,109,2854),('Year to the Day',514,'Rock',31,109,2855),('Primary',86,'Rock',5,109,2856),('Ballot or the Bullet',342,'Rock',20,109,2857),('How Many Say I',363,'Rock',22,109,2858),('Sucker Train Blues',267,'Rock',16,110,2859),('Do It For The Kids',235,'Rock',14,110,2860),('Big Machine',265,'Rock',16,110,2861),('Illegal I Song',257,'Rock',16,110,2862),('Spectacle',221,'Rock',13,110,2863),('Fall To Pieces',270,'Rock',17,110,2864),('Headspace',223,'Rock',13,110,2865),('Superhuman',255,'Rock',16,110,2866),('Set Me Free',247,'Rock',14,110,2867),('You Got No Right',335,'Rock',20,110,2868),('Slither',248,'Rock',14,110,2869),('Dirty Little Thing',237,'Rock',14,110,2870),('Loving The Alien',348,'Rock',20,110,2871),('Pela Luz Dos Olhos Teus',119,'Wereldmuziek',NULL,111,2872),('A Bencao E Outros',421,'Wereldmuziek',NULL,111,2873),('Tudo Na Mais Santa Paz',222,'Wereldmuziek',NULL,111,2874),('O Velho E Aflor',275,'Wereldmuziek',NULL,111,2875),('Cotidiano N 2',55,'Wereldmuziek',NULL,111,2876),('Adeus',221,'Wereldmuziek',NULL,111,2877),('Samba Pra Endrigo',259,'Wereldmuziek',NULL,111,2878),('So Por Amor',236,'Wereldmuziek',NULL,111,2879),('Meu Pranto Rolou',181,'Wereldmuziek',NULL,111,2880),('Mulher Carioca',191,'Wereldmuziek',NULL,111,2881),('Um Homem Chamado Alfredo',151,'Wereldmuziek',NULL,111,2882),('Samba Do Jato',220,'Wereldmuziek',NULL,111,2883),('Oi, La',167,'Wereldmuziek',NULL,111,2884),('Vinicius, Poeta Do Encontro',336,'Wereldmuziek',NULL,111,2885),('Soneto Da Separacao',193,'Wereldmuziek',NULL,111,2886),('Faixa Amarela',240,'Wereldmuziek',NULL,112,2887),('Posso Até Me Apaixonar',200,'Wereldmuziek',NULL,112,2888),('Não Sou Mais Disso',225,'Wereldmuziek',NULL,112,2889),('Vivo Isolado Do Mundo',180,'Wereldmuziek',NULL,112,2890),('Coração Em Desalinho',185,'Wereldmuziek',NULL,112,2891),('Seu Balancê',219,'Wereldmuziek',NULL,112,2892),('Vai Adiar',270,'Wereldmuziek',NULL,112,2893),('Rugas',140,'Wereldmuziek',NULL,112,2894),('Feirinha da Pavuna/Luz do Repente/Bagaço da Laranja',107,'Wereldmuziek',NULL,112,2895),('Sem Essa de Malandro Agulha',158,'Wereldmuziek',NULL,112,2896),('Chico Não Vai na Corimba',269,'Wereldmuziek',NULL,112,2897),('Papel Principal',217,'Wereldmuziek',NULL,112,2898),('Saudade Louca',243,'Wereldmuziek',NULL,112,2899),('Camarão que Dorme e Onda Leva',299,'Wereldmuziek',NULL,112,2900),('Sapopemba e Maxambomba',245,'Wereldmuziek',NULL,112,2901),('Minha Fé',206,'Wereldmuziek',NULL,112,2902),('Lua de Ogum',168,'Wereldmuziek',NULL,112,2903),('Samba pras moças',152,'Wereldmuziek',NULL,112,2904),('Verdade',332,'Wereldmuziek',NULL,112,2905),('Your Time Is Gonna Come',310,'Rock',19,113,2906),('Instant Karma',193,'Pop',NULL,108,2907),('#9 Dream',278,'Pop',NULL,108,2908),('Mother',287,'Pop',NULL,108,2909),('Give Peace a Chance',274,'Pop',NULL,108,2910),('Cold Turkey',281,'Pop',NULL,108,2911),('Whatever Gets You Thru the Night',215,'Pop',NULL,108,2912),('I\'m Losing You',240,'Pop',NULL,108,2913),('Gimme Some Truth',232,'Pop',NULL,108,2914),('Oh, My Love',159,'Pop',NULL,108,2915),('Imagine',192,'Pop',NULL,108,2916),('Nobody Told Me',210,'Pop',NULL,108,2917),('Jealous Guy',239,'Pop',NULL,108,2918),('Working Class Hero',265,'Pop',NULL,108,2919),('Power to the People',213,'Pop',NULL,108,2920),('Beautiful Boy',227,'Pop',NULL,108,2922),('Isolation',156,'Pop',NULL,108,2923),('Watching the Wheels',198,'Pop',NULL,108,2924),('Grow Old With Me',149,'Pop',NULL,108,2925),('[Just Like] Starting Over',215,'Pop',NULL,108,2927),('God',260,'Pop',NULL,108,2928),('Real Love',236,'Pop',NULL,108,2929),('Sympton of the Universe',340,'Rock',20,78,2930),('Snowblind',295,'Rock',18,78,2931),('Black Sabbath',364,'Rock',22,78,2932),('Fairies Wear Boots',392,'Rock',24,78,2933),('War Pigs',515,'Rock',31,78,2934),('The Wizard',282,'Rock',17,78,2935),('N.I.B.',335,'Rock',20,78,2936),('Sweet Leaf',354,'Rock',22,78,2937),('Never Say Die',258,'Rock',16,78,2938),('Sabbath, Bloody Sabbath',333,'Rock',20,78,2939),('Iron Man/Children of the Grave',552,'Rock',34,78,2940),('Rock You Like a Hurricane',255,'Rock',16,114,2942),('No One Like You',240,'Rock',14,114,2943),('The Zoo',332,'Rock',20,114,2944),('Loving You Sunday Morning',339,'Rock',20,114,2945),('Still Loving You',390,'Rock',24,114,2946),('Big City Nights',251,'Rock',16,114,2947),('Believe in Love',325,'Rock',19,114,2948),('Rhythm of Love',231,'Rock',14,114,2949),('I Can\'t Explain',205,'Rock',12,114,2950),('Tease Me Please Me',287,'Rock',17,114,2951),('Wind of Change',315,'Rock',19,114,2952),('Send Me an Angel',273,'Rock',17,114,2953),('Jump Around',217,'Rap',17,115,2954),('Salutations',69,'Rap',6,115,2955),('Put Your Head Out',182,'Rap',14,115,2956),('Top O\' The Morning To Ya',216,'Rap',17,115,2957),('Commercial 1',7,'Rap',0,115,2958),('House And The Rising Sun',219,'Rap',18,115,2959),('Shamrocks And Shenanigans',218,'Rap',18,115,2960),('House Of Pain Anthem',155,'Rap',12,115,2961),('Danny Boy, Danny Boy',114,'Rap',10,115,2962),('Guess Who\'s Back',238,'Rap',19,115,2963),('Commercial 2',21,'Rap',1,115,2964),('Put On Your Shit Kickers',190,'Rap',16,115,2965),('Come And Get Some Of This',170,'Rap',13,115,2966),('Life Goes On',163,'Rap',13,115,2967),('One For The Road',170,'Rap',13,115,2968),('Feel It',239,'Rap',19,115,2969),('All My Love',200,'Rap',16,115,2970),('Jump Around (Pete Rock Remix)',236,'Rap',19,115,2971),('Shamrocks And Shenanigans (Boom Shalock Lock Boom/Butch Vig Mix)',237,'Rap',19,115,2972),('Instinto Colectivo',300,'Electro',NULL,116,2973),('Chapa o Coco',143,'Electro',NULL,116,2974),('Prostituta',359,'Electro',NULL,116,2975),('Eu So Queria Sumir',269,'Electro',NULL,116,2976),('Tres Reis',304,'Electro',NULL,116,2977),('Um Lugar ao Sol',212,'Electro',NULL,116,2978),('Batalha Naval',285,'Electro',NULL,116,2979),('Todo o Carnaval tem seu Fim',237,'Electro',NULL,116,2980),('O Misterio do Samba',226,'Electro',NULL,116,2981),('Armadura',232,'Electro',NULL,116,2982),('Na Ladeira',221,'Electro',NULL,116,2983),('Carimbo',328,'Electro',NULL,116,2984),('Catimbo',254,'Electro',NULL,116,2985),('Funk de Bamba',237,'Electro',NULL,116,2986),('Chega no Suingue',221,'Electro',NULL,116,2987),('Mun-Ra',274,'Electro',NULL,116,2988),('Freestyle Love',318,'Electro',NULL,116,2989),('War Pigs',234,'Rock',14,117,2990),('Past, Present, and Future',2492,'Klassiek',50,107,2991),('The Beginning of the End',2611,'Klassiek',53,107,2992),('LOST Season 4 Trailer',112,'Klassiek',2,107,2993),('LOST In 8:15',497,'Klassiek',10,107,2994),('Confirmed Dead',2611,'Klassiek',53,107,2995),('The Economist',2609,'Klassiek',52,107,2996),('The Constant',2611,'Klassiek',53,107,2997),('The Other Woman',2605,'Klassiek',52,107,2998),('The Shape of Things to Come',2591,'Klassiek',52,107,2999),('Something Nice Back Home',2612,'Klassiek',53,107,3000),('Cabin Fever',2612,'Klassiek',53,107,3001),('There\'s No Place Like Home, Pt. 1',2609,'Klassiek',52,107,3002),('There\'s No Place Like Home, Pt. 2',2497,'Klassiek',50,107,3003),('There\'s No Place Like Home, Pt. 3',2582,'Klassiek',52,107,3004),('Amanda',246,'Jazz',NULL,118,3005),('Despertar',307,'Jazz',NULL,118,3006),('Din Din Wo (Little Child)',285,'Wereldmuziek',NULL,119,3007),('I Ka Barra (Your Work)',300,'Wereldmuziek',NULL,119,3008),('Distance',327,'Electro',NULL,120,3009),('One Step Beyond',366,'Electro',NULL,120,3010),('I Guess You\'re Right',212,'Rock',13,121,3011),('Love Comes',199,'Rock',12,121,3012),('Muita Bobeira',172,'Wereldmuziek',NULL,122,3013),('OAM\'s Blues',266,'Jazz',NULL,123,3014),('Say Hello 2 Heaven',384,'Rock',23,124,3015),('Reach Down',672,'Rock',41,124,3016),('Hunger Strike',246,'Rock',14,124,3017),('Pushin Forward Back',225,'Rock',13,124,3018),('Call Me a Dog',304,'Rock',18,124,3019),('Times of Trouble',342,'Rock',20,124,3020),('Wooden Jesus',250,'Rock',16,124,3021),('Your Savior',244,'Rock',14,124,3022),('Four Walled World',414,'Rock',25,124,3023),('All Night Thing',231,'Rock',14,124,3024),('No Such Thing',224,'Rock',13,125,3025),('Poison Eye',237,'Rock',14,125,3026),('Arms Around Your Love',214,'Rock',13,125,3027),('Safe and Sound',256,'Rock',16,125,3028),('She\'ll Never Be Your Man',204,'Rock',12,125,3029),('Ghosts',231,'Rock',14,125,3030),('Killing Birds',218,'Rock',13,125,3031),('Billie Jean',281,'Rock',17,125,3032),('Scar On the Sky',220,'Rock',13,125,3033),('Your Soul Today',205,'Rock',12,125,3034),('Finally Forever',217,'Rock',13,125,3035),('Silence the Voices',267,'Rock',16,125,3036),('Disappearing Act',273,'Rock',17,125,3037),('You Know My Name',240,'Rock',14,125,3038),('Revelations',252,'Rock',16,12,3039),('One and the Same',217,'Rock',13,12,3040),('Sound of a Gun',260,'Rock',16,12,3041),('Until We Fall',230,'Rock',14,12,3042),('Original Fire',218,'Rock',13,12,3043),('Broken City',228,'Rock',13,12,3044),('Somedays',213,'Rock',13,12,3045),('Shape of Things to Come',274,'Rock',17,12,3046),('Jewel of the Summertime',233,'Rock',14,12,3047),('Wide Awake',266,'Rock',16,12,3048),('Nothing Left to Say But Goodbye',213,'Rock',13,12,3049),('Moth',298,'Rock',18,12,3050),('Show Me How to Live (Live at the Quart Festival)',301,'Rock',18,12,3051),('Intoitus: Adorate Deum',245,'Klassiek',5,126,3052),('Miserere mei, Deus',501,'Klassiek',10,127,3053),('Canon and Gigue in D Major: I. Canon',271,'Klassiek',6,128,3054),('Concerto for 2 Violins in D Minor, BWV 1043: I. Vivace',193,'Klassiek',4,129,3055),('Suite for Solo Cello No. 1 in G Major, BWV 1007: I. Prélude',143,'Klassiek',2,130,3056),('The Messiah: Behold, I Tell You a Mystery... The Trumpet Shall Sound',582,'Klassiek',12,131,3057),('Solomon HWV 67: The Arrival of the Queen of Sheba',197,'Klassiek',4,132,3058),('Fantasia On Greensleeves',268,'Klassiek',5,132,3059),('Concerto for Clarinet in A Major, K. 622: II. Adagio',394,'Klassiek',8,133,3060),('Symphony No.5 in C Minor: I. Allegro con brio',392,'Klassiek',8,134,3061),('Ave Maria',338,'Klassiek',7,135,3062),('Die Walküre: The Ride of the Valkyries',189,'Klassiek',4,136,3063),('Requiem, Op.48: 4. Pie Jesu',258,'Klassiek',5,137,3064),('The Nutcracker, Op. 71a, Act II: Scene 14: Pas de deux: Dance of the Prince & the Sugar-Plum Fairy',304,'Klassiek',6,138,3065),('Madama Butterfly: Un Bel Dì Vedremo',277,'Klassiek',6,139,3066),('Jupiter, the Bringer of Jollity',522,'Klassiek',11,140,3067),('Turandot, Act III, Nessun dorma!',176,'Klassiek',4,141,3068),('Adagio for Strings from the String Quartet, Op. 11',596,'Klassiek',12,142,3069),('Carmina Burana: O Fortuna',156,'Klassiek',4,143,3070),('Fanfare for the Common Man',198,'Klassiek',4,144,3071),('Toccata and Fugue in D Minor, BWV 565: I. Toccata',153,'Klassiek',4,145,3072),('Scheherazade, Op. 35: I. The Sea and Sindbad\'s Ship',545,'Klassiek',11,146,3073),('Concerto No.2 in F Major, BWV1047, I. Allegro',307,'Klassiek',6,147,3074),('Concerto for Piano No. 2 in F Minor, Op. 21: II. Larghetto',560,'Klassiek',11,148,3075),('Cavalleria Rusticana  Act  Intermezzo Sinfonico',243,'Klassiek',5,149,3076),('Karelia Suite, Op.11: 2. Ballade (Tempo Di Menuetto)',406,'Klassiek',8,150,3077),('Das Lied Von Der Erde, Von Der Jugend',223,'Klassiek',5,151,3078),('Concerto for Cello and Orchestra in E minor, Op. 85: I. Adagio - Moderato',483,'Klassiek',10,152,3079),('Two Fanfares for Orchestra: II. Short Ride in a Fast Machine',254,'Klassiek',5,153,3080),('Wellington\'s Victory or the Battle Symphony, Op.91: 2. Symphony of Triumph',412,'Klassiek',8,154,3081),('Missa Papae Marcelli: Kyrie',240,'Klassiek',5,155,3082),('Romeo et Juliette: No. 11 - Danse des Chevaliers',275,'Klassiek',6,156,3083),('On the Beautiful Blue Danube',526,'Klassiek',11,140,3084),('Symphonie Fantastique, Op. 14: V. Songe d\'une nuit du sabbat',561,'Klassiek',11,156,3085),('Carmen: Overture',132,'Klassiek',2,157,3086),('Lamentations of Jeremiah, First Set  Incipit Lamentatio',69,'Klassiek',1,158,3087),('Sing Joyfully',133,'Klassiek',2,158,3088),('Music for the Royal Fireworks, HWV351 (1749): La Réjouissance',120,'Klassiek',2,128,3089),('Peer Gynt Suite No.1, Op.46: 1. Morning Mood',253,'Klassiek',5,159,3090),('SCRIABIN: Prelude in B Major, Op. 11, No. 11',101,'Klassiek',2,160,3091),('Pavan, Lachrimae Antiquae',253,'Klassiek',5,161,3092),('Intro / Stronger Than Me',234,'Pop',NULL,162,3093),('You Sent Me Flying / Cherry',409,'Pop',NULL,162,3094),('F**k Me Pumps',200,'Pop',NULL,162,3095),('I Heard Love Is Blind',129,'Pop',NULL,162,3096),('(There Is) No Greater Love (Teo Licks)',167,'Pop',NULL,162,3097),('In My Bed',315,'Pop',NULL,162,3098),('Take the Box',199,'Pop',NULL,162,3099),('October Song',204,'Pop',NULL,162,3100),('What Is It About Men',209,'Pop',NULL,162,3101),('Help Yourself',300,'Pop',NULL,162,3102),('Amy Amy Amy (Outro)',663,'Pop',NULL,162,3103),('Slowness',215,'Rock',13,163,3104),('Prometheus Overture, Op. 43',339,'Klassiek',7,164,3105),('Sonata for Solo Violin: IV: Presto',299,'Klassiek',6,165,3106),('A Midsummer Night\'s Dream, Op.61 Incidental Music: No.7 Notturno',387,'Klassiek',7,166,3107),('Suite No. 3 in D, BWV 1068: III. Gavotte I & II',225,'Klassiek',5,167,3108),('Concert pour 4 Parties de V**les, H. 545: I. Prelude',110,'Klassiek',2,168,3109),('Adios nonino',289,'Klassiek',6,169,3110),('Act IV, Symphony',364,'Klassiek',7,170,3111),('3 Gymnopédies: No.1 - Lent Et Grave, No.3 - Lent Et Douloureux',385,'Klassiek',7,171,3112),('Symphony No. 2: III. Allegro vivace',376,'Klassiek',7,172,3113),('Partita in E Major, BWV 1006A: I. Prelude',285,'Klassiek',6,173,3114),('Le Sacre Du Printemps: I.iv. Spring Rounds',234,'Klassiek',5,159,3115),('Metopes, Op. 29: Calypso',333,'Klassiek',7,174,3116),('24 Caprices, Op. 1, No. 24, for Solo Violin, in A Minor',265,'Klassiek',5,175,3117),('Étude 1, In C Major - Preludio (Presto) - Liszt',51,'Klassiek',1,176,3118),('Erlkonig, D.328',261,'Klassiek',5,177,3119),('Concerto for Violin, Strings and Continuo in G Major, Op. 3, No. 9: I. Allegro',493,'Klassiek',10,178,3120),('Pini Di Roma (Pinien Von Rom)  I Pini Della Via Appia',286,'Klassiek',6,140,3121),('L\'orfeo, Act 3, Sinfonia (Orchestra)',66,'Klassiek',1,179,3122),('Quintet for Horn, Violin, 2 Violas, and Cello in E Flat Major, K. 407/386c: III. Allegro',221,'Klassiek',5,180,3123);
/*!40000 ALTER TABLE `Liedjes` ENABLE KEYS */;
UNLOCK TABLES;

--
-- Table structure for table `Gebruikers`
--

DROP TABLE IF EXISTS `Gebruikers`;
/*!40101 SET @saved_cs_client     = @@character_set_client */;
/*!50503 SET character_set_client = utf8mb4 */;
CREATE TABLE `Gebruikers` (
  `Gebruikersnaam` varchar(100) NOT NULL,
  `HashVanWachtwoord` varchar(100) NOT NULL,
  `Id` int NOT NULL AUTO_INCREMENT,
  PRIMARY KEY (`Id`)
) ENGINE=InnoDB AUTO_INCREMENT=6 DEFAULT CHARSET=utf8mb4 COLLATE=utf8mb4_0900_ai_ci;
/*!40101 SET character_set_client = @saved_cs_client */;

--
-- Dumping data for table `Gebruikers`
--

LOCK TABLES `Gebruikers` WRITE;
/*!40000 ALTER TABLE `Gebruikers` DISABLE KEYS */;
INSERT INTO `Gebruikers` VALUES ('musicfan111','jfdsiojqfsiodsiofjdsiopfj',1),('tuneBoY5','vninezijiodzecnxi',2),('drbeatz','jifosjqiofpezrezareza',3),('trebletrouble','ippizajriozrioezjo',4),('neverloudenough','isqfpjiownjnvcxinie',5);
/*!40000 ALTER TABLE `Gebruikers` ENABLE KEYS */;
UNLOCK TABLES;
--
-- Table structure for table `GebruikerHeeftAlbum`
--

DROP TABLE IF EXISTS `GebruikerHeeftAlbum`;
/*!40101 SET @saved_cs_client     = @@character_set_client */;
/*!50503 SET character_set_client = utf8mb4 */;
CREATE TABLE `GebruikerHeeftAlbum` (
  `Gebruikers_Id` int NOT NULL,
  `Albums_Id` int NOT NULL,
  `DatumToevoeging` datetime NOT NULL
) ENGINE=InnoDB DEFAULT CHARSET=utf8mb4 COLLATE=utf8mb4_0900_ai_ci;
/*!40101 SET character_set_client = @saved_cs_client */;

--
-- Dumping data for table `GebruikerHeeftAlbum`
--

LOCK TABLES `GebruikerHeeftAlbum` WRITE;
/*!40000 ALTER TABLE `GebruikerHeeftAlbum` DISABLE KEYS */;
INSERT INTO `GebruikerHeeftAlbum` VALUES (1,100,'2022-11-25 10:05:18'),(1,101,'2022-11-25 10:05:18'),(1,102,'2022-11-25 10:05:18'),(1,103,'2022-11-25 10:05:18'),(1,104,'2022-11-25 10:05:18'),(1,105,'2022-11-25 10:05:18'),(1,106,'2022-11-25 10:05:18'),(1,107,'2022-11-25 10:05:18'),(1,108,'2022-11-25 10:05:18'),(1,109,'2022-11-25 10:05:18'),(1,110,'2022-11-25 10:05:18'),(1,111,'2022-11-25 10:05:18'),(1,112,'2022-11-25 10:05:18'),(1,113,'2022-11-25 10:05:18'),(1,114,'2022-11-25 10:05:18'),(1,115,'2022-11-25 10:05:18'),(1,116,'2022-11-25 10:05:18'),(1,117,'2022-11-25 10:05:18'),(1,118,'2022-11-25 10:05:18'),(1,119,'2022-11-25 10:05:18'),(1,120,'2022-11-25 10:05:18'),(1,121,'2022-11-25 10:05:18'),(1,122,'2022-11-25 10:05:18'),(1,123,'2022-11-25 10:05:18'),(1,124,'2022-11-25 10:05:18'),(1,125,'2022-11-25 10:05:18'),(1,126,'2022-11-25 10:05:18'),(1,127,'2022-11-25 10:05:18'),(1,128,'2022-11-25 10:05:18'),(1,129,'2022-11-25 10:05:18'),(1,130,'2022-11-25 10:05:18'),(1,131,'2022-11-25 10:05:18'),(1,132,'2022-11-25 10:05:18'),(1,133,'2022-11-25 10:05:18'),(1,134,'2022-11-25 10:05:18'),(1,135,'2022-11-25 10:05:18'),(1,136,'2022-11-25 10:05:18'),(1,137,'2022-11-25 10:05:18'),(1,138,'2022-11-25 10:05:18'),(1,139,'2022-11-25 10:05:18'),(1,140,'2022-11-25 10:05:18'),(1,141,'2022-11-25 10:05:18'),(1,142,'2022-11-25 10:05:18'),(1,143,'2022-11-25 10:05:18'),(1,144,'2022-11-25 10:05:18'),(1,145,'2022-11-25 10:05:18'),(1,146,'2022-11-25 10:05:18'),(1,147,'2022-11-25 10:05:18'),(1,148,'2022-11-25 10:05:18'),(1,149,'2022-11-25 10:05:18'),(1,150,'2022-11-25 10:05:18'),(1,151,'2022-11-25 10:05:18'),(1,152,'2022-11-25 10:05:18'),(1,153,'2022-11-25 10:05:18'),(1,154,'2022-11-25 10:05:18'),(1,155,'2022-11-25 10:05:18'),(1,156,'2022-11-25 10:05:18'),(1,157,'2022-11-25 10:05:18'),(1,158,'2022-11-25 10:05:18'),(1,159,'2022-11-25 10:05:18'),(1,160,'2022-11-25 10:05:18'),(1,161,'2022-11-25 10:05:18'),(1,162,'2022-11-25 10:05:18'),(1,163,'2022-11-25 10:05:18'),(1,164,'2022-11-25 10:05:18'),(1,165,'2022-11-25 10:05:18'),(1,166,'2022-11-25 10:05:18'),(1,167,'2022-11-25 10:05:18'),(1,168,'2022-11-25 10:05:18'),(1,169,'2022-11-25 10:05:18'),(1,170,'2022-11-25 10:05:18'),(1,171,'2022-11-25 10:05:18'),(1,172,'2022-11-25 10:05:18'),(1,173,'2022-11-25 10:05:18'),(1,174,'2022-11-25 10:05:18'),(1,175,'2022-11-25 10:05:18'),(1,176,'2022-11-25 10:05:18'),(1,177,'2022-11-25 10:05:18'),(1,178,'2022-11-25 10:05:18'),(1,179,'2022-11-25 10:05:18'),(1,180,'2022-11-25 10:05:18'),(1,181,'2022-11-25 10:05:18'),(1,182,'2022-11-25 10:05:18'),(1,183,'2022-11-25 10:05:18'),(1,184,'2022-11-25 10:05:18'),(1,185,'2022-11-25 10:05:18'),(1,186,'2022-11-25 10:05:18'),(1,187,'2022-11-25 10:05:18'),(1,188,'2022-11-25 10:05:18'),(1,189,'2022-11-25 10:05:18'),(1,190,'2022-11-25 10:05:18'),(1,191,'2022-11-25 10:05:18'),(1,192,'2022-11-25 10:05:18'),(1,193,'2022-11-25 10:05:18'),(1,194,'2022-11-25 10:05:18'),(1,195,'2022-11-25 10:05:18'),(1,196,'2022-11-25 10:05:18'),(1,197,'2022-11-25 10:05:18'),(1,198,'2022-11-25 10:05:18'),(1,199,'2022-11-25 10:05:18'),(1,200,'2022-11-25 10:05:18'),(1,201,'2022-11-25 10:05:18'),(1,202,'2022-11-25 10:05:18'),(1,203,'2022-11-25 10:05:18'),(1,204,'2022-11-25 10:05:18'),(1,205,'2022-11-25 10:05:18'),(1,206,'2022-11-25 10:05:18'),(1,207,'2022-11-25 10:05:18'),(1,208,'2022-11-25 10:05:18'),(1,209,'2022-11-25 10:05:18'),(1,210,'2022-11-25 10:05:18'),(1,211,'2022-11-25 10:05:18'),(1,212,'2022-11-25 10:05:18'),(1,213,'2022-11-25 10:05:18'),(1,214,'2022-11-25 10:05:18'),(1,215,'2022-11-25 10:05:18'),(1,216,'2022-11-25 10:05:18'),(1,217,'2022-11-25 10:05:18'),(1,218,'2022-11-25 10:05:18'),(1,219,'2022-11-25 10:05:18'),(1,220,'2022-11-25 10:05:18'),(1,221,'2022-11-25 10:05:18'),(1,222,'2022-11-25 10:05:18'),(1,223,'2022-11-25 10:05:18'),(1,224,'2022-11-25 10:05:18'),(1,225,'2022-11-25 10:05:18'),(1,226,'2022-11-25 10:05:18'),(1,227,'2022-11-25 10:05:18'),(1,228,'2022-11-25 10:05:18'),(1,229,'2022-11-25 10:05:18'),(1,230,'2022-11-25 10:05:18'),(1,231,'2022-11-25 10:05:18'),(1,232,'2022-11-25 10:05:18'),(1,233,'2022-11-25 10:05:18'),(1,234,'2022-11-25 10:05:18'),(1,235,'2022-11-25 10:05:18'),(1,236,'2022-11-25 10:05:18'),(1,237,'2022-11-25 10:05:18'),(1,238,'2022-11-25 10:05:18'),(1,239,'2022-11-25 10:05:18'),(1,240,'2022-11-25 10:05:18'),(1,241,'2022-11-25 10:05:18'),(1,242,'2022-11-25 10:05:18'),(1,243,'2022-11-25 10:05:18'),(1,244,'2022-11-25 10:05:18'),(1,245,'2022-11-25 10:05:18'),(1,246,'2022-11-25 10:05:18'),(1,247,'2022-11-25 10:05:18'),(1,248,'2022-11-25 10:05:18'),(1,249,'2022-11-25 10:05:18'),(1,250,'2022-11-25 10:05:18'),(2,36,'2022-11-25 10:05:18'),(2,37,'2022-11-25 10:05:18'),(2,38,'2022-11-25 10:05:18'),(2,39,'2022-11-25 10:05:18'),(2,40,'2022-11-25 10:05:18'),(2,41,'2022-11-25 10:05:18'),(2,42,'2022-11-25 10:05:18'),(2,43,'2022-11-25 10:05:18'),(2,44,'2022-11-25 10:05:18'),(2,45,'2022-11-25 10:05:18'),(2,46,'2022-11-25 10:05:18'),(2,47,'2022-11-25 10:05:18'),(2,48,'2022-11-25 10:05:18'),(2,49,'2022-11-25 10:05:18'),(2,50,'2022-11-25 10:05:18'),(2,51,'2022-11-25 10:05:18'),(2,52,'2022-11-25 10:05:18'),(2,53,'2022-11-25 10:05:18'),(2,54,'2022-11-25 10:05:18'),(2,55,'2022-11-25 10:05:18'),(2,56,'2022-11-25 10:05:18'),(2,57,'2022-11-25 10:05:18'),(2,58,'2022-11-25 10:05:18'),(2,59,'2022-11-25 10:05:18'),(2,60,'2022-11-25 10:05:18'),(2,61,'2022-11-25 10:05:18'),(2,62,'2022-11-25 10:05:18'),(2,63,'2022-11-25 10:05:18'),(2,64,'2022-11-25 10:05:18'),(2,65,'2022-11-25 10:05:18'),(2,66,'2022-11-25 10:05:18'),(2,67,'2022-11-25 10:05:18'),(2,68,'2022-11-25 10:05:18'),(2,69,'2022-11-25 10:05:18'),(2,70,'2022-11-25 10:05:18'),(2,71,'2022-11-25 10:05:18'),(2,72,'2022-11-25 10:05:18'),(2,73,'2022-11-25 10:05:18'),(2,74,'2022-11-25 10:05:18'),(2,75,'2022-11-25 10:05:18'),(2,76,'2022-11-25 10:05:18'),(2,77,'2022-11-25 10:05:18'),(2,78,'2022-11-25 10:05:18'),(2,79,'2022-11-25 10:05:18'),(2,80,'2022-11-25 10:05:18'),(2,81,'2022-11-25 10:05:18'),(2,82,'2022-11-25 10:05:18'),(2,83,'2022-11-25 10:05:18'),(2,84,'2022-11-25 10:05:18'),(2,85,'2022-11-25 10:05:18'),(2,86,'2022-11-25 10:05:18'),(2,87,'2022-11-25 10:05:18'),(2,88,'2022-11-25 10:05:18'),(2,89,'2022-11-25 10:05:18'),(2,90,'2022-11-25 10:05:18'),(2,91,'2022-11-25 10:05:18'),(2,92,'2022-11-25 10:05:18'),(2,93,'2022-11-25 10:05:18'),(2,94,'2022-11-25 10:05:18'),(2,95,'2022-11-25 10:05:18'),(2,96,'2022-11-25 10:05:18'),(2,97,'2022-11-25 10:05:18'),(2,98,'2022-11-25 10:05:18'),(2,99,'2022-11-25 10:05:18'),(2,100,'2022-11-25 10:05:18'),(2,101,'2022-11-25 10:05:18'),(2,102,'2022-11-25 10:05:18'),(2,103,'2022-11-25 10:05:18'),(2,104,'2022-11-25 10:05:18'),(2,105,'2022-11-25 10:05:18'),(2,106,'2022-11-25 10:05:18'),(2,107,'2022-11-25 10:05:18'),(2,108,'2022-11-25 10:05:18'),(2,109,'2022-11-25 10:05:18'),(2,110,'2022-11-25 10:05:18'),(2,111,'2022-11-25 10:05:18'),(2,112,'2022-11-25 10:05:18'),(2,113,'2022-11-25 10:05:18'),(2,114,'2022-11-25 10:05:18'),(2,115,'2022-11-25 10:05:18'),(2,116,'2022-11-25 10:05:18'),(2,117,'2022-11-25 10:05:18'),(2,118,'2022-11-25 10:05:18'),(2,119,'2022-11-25 10:05:18'),(2,120,'2022-11-25 10:05:18'),(2,121,'2022-11-25 10:05:18'),(2,122,'2022-11-25 10:05:18'),(2,123,'2022-11-25 10:05:18'),(2,124,'2022-11-25 10:05:18'),(2,125,'2022-11-25 10:05:18'),(2,126,'2022-11-25 10:05:18'),(2,127,'2022-11-25 10:05:18'),(2,128,'2022-11-25 10:05:18'),(2,129,'2022-11-25 10:05:18'),(2,130,'2022-11-25 10:05:18'),(2,131,'2022-11-25 10:05:18'),(2,132,'2022-11-25 10:05:18'),(2,133,'2022-11-25 10:05:18'),(2,134,'2022-11-25 10:05:18'),(2,135,'2022-11-25 10:05:18'),(2,136,'2022-11-25 10:05:18'),(2,137,'2022-11-25 10:05:18'),(2,138,'2022-11-25 10:05:18'),(2,139,'2022-11-25 10:05:18'),(2,140,'2022-11-25 10:05:18'),(2,141,'2022-11-25 10:05:18'),(2,142,'2022-11-25 10:05:18'),(2,143,'2022-11-25 10:05:18'),(2,144,'2022-11-25 10:05:18'),(2,145,'2022-11-25 10:05:18'),(2,146,'2022-11-25 10:05:18'),(2,147,'2022-11-25 10:05:18'),(2,148,'2022-11-25 10:05:18'),(2,149,'2022-11-25 10:05:18'),(2,150,'2022-11-25 10:05:18'),(2,151,'2022-11-25 10:05:18'),(2,152,'2022-11-25 10:05:18'),(2,153,'2022-11-25 10:05:18'),(2,154,'2022-11-25 10:05:18'),(2,155,'2022-11-25 10:05:18'),(2,156,'2022-11-25 10:05:18'),(2,157,'2022-11-25 10:05:18'),(2,158,'2022-11-25 10:05:18'),(2,159,'2022-11-25 10:05:18'),(2,160,'2022-11-25 10:05:18'),(2,161,'2022-11-25 10:05:18'),(2,162,'2022-11-25 10:05:18'),(2,163,'2022-11-25 10:05:18'),(2,164,'2022-11-25 10:05:18'),(2,165,'2022-11-25 10:05:18'),(2,166,'2022-11-25 10:05:18'),(2,167,'2022-11-25 10:05:18'),(2,168,'2022-11-25 10:05:18'),(2,169,'2022-11-25 10:05:18'),(2,170,'2022-11-25 10:05:18'),(2,171,'2022-11-25 10:05:18'),(2,172,'2022-11-25 10:05:18'),(2,173,'2022-11-25 10:05:18'),(2,174,'2022-11-25 10:05:18'),(2,175,'2022-11-25 10:05:18'),(2,176,'2022-11-25 10:05:18'),(2,177,'2022-11-25 10:05:18'),(2,178,'2022-11-25 10:05:18'),(2,179,'2022-11-25 10:05:18'),(2,180,'2022-11-25 10:05:18'),(2,181,'2022-11-25 10:05:18'),(2,182,'2022-11-25 10:05:18'),(2,183,'2022-11-25 10:05:18'),(2,184,'2022-11-25 10:05:18'),(2,185,'2022-11-25 10:05:18'),(2,186,'2022-11-25 10:05:18'),(2,187,'2022-11-25 10:05:18'),(2,188,'2022-11-25 10:05:18'),(2,189,'2022-11-25 10:05:18'),(2,190,'2022-11-25 10:05:18'),(2,191,'2022-11-25 10:05:18'),(2,192,'2022-11-25 10:05:18'),(2,193,'2022-11-25 10:05:18'),(2,194,'2022-11-25 10:05:18'),(2,195,'2022-11-25 10:05:18'),(2,196,'2022-11-25 10:05:18'),(2,197,'2022-11-25 10:05:18'),(2,198,'2022-11-25 10:05:18'),(2,199,'2022-11-25 10:05:18'),(3,136,'2022-11-25 10:05:18'),(3,137,'2022-11-25 10:05:18'),(3,138,'2022-11-25 10:05:18'),(3,139,'2022-11-25 10:05:18'),(3,140,'2022-11-25 10:05:18'),(3,141,'2022-11-25 10:05:18'),(3,142,'2022-11-25 10:05:18'),(3,143,'2022-11-25 10:05:18'),(3,144,'2022-11-25 10:05:18'),(3,145,'2022-11-25 10:05:18'),(3,146,'2022-11-25 10:05:18'),(3,147,'2022-11-25 10:05:18'),(3,148,'2022-11-25 10:05:18'),(3,149,'2022-11-25 10:05:18'),(3,150,'2022-11-25 10:05:18'),(3,151,'2022-11-25 10:05:18'),(3,152,'2022-11-25 10:05:18'),(3,153,'2022-11-25 10:05:18'),(3,154,'2022-11-25 10:05:18'),(3,155,'2022-11-25 10:05:18'),(3,156,'2022-11-25 10:05:18'),(3,157,'2022-11-25 10:05:18'),(3,158,'2022-11-25 10:05:18'),(3,159,'2022-11-25 10:05:18'),(3,160,'2022-11-25 10:05:18'),(3,161,'2022-11-25 10:05:18'),(3,162,'2022-11-25 10:05:18'),(3,163,'2022-11-25 10:05:18'),(3,164,'2022-11-25 10:05:18'),(3,165,'2022-11-25 10:05:18'),(3,166,'2022-11-25 10:05:18'),(3,167,'2022-11-25 10:05:18'),(3,168,'2022-11-25 10:05:18'),(3,169,'2022-11-25 10:05:18'),(3,170,'2022-11-25 10:05:18'),(3,171,'2022-11-25 10:05:18'),(3,172,'2022-11-25 10:05:18'),(3,173,'2022-11-25 10:05:18'),(3,174,'2022-11-25 10:05:18'),(3,175,'2022-11-25 10:05:18'),(3,176,'2022-11-25 10:05:18'),(3,177,'2022-11-25 10:05:18'),(3,178,'2022-11-25 10:05:18'),(3,179,'2022-11-25 10:05:18'),(3,180,'2022-11-25 10:05:18'),(3,181,'2022-11-25 10:05:18'),(3,182,'2022-11-25 10:05:18'),(3,183,'2022-11-25 10:05:18'),(3,184,'2022-11-25 10:05:18'),(3,185,'2022-11-25 10:05:18'),(3,186,'2022-11-25 10:05:18'),(3,187,'2022-11-25 10:05:18'),(3,188,'2022-11-25 10:05:18'),(3,189,'2022-11-25 10:05:18'),(3,190,'2022-11-25 10:05:18'),(3,191,'2022-11-25 10:05:18'),(3,192,'2022-11-25 10:05:18'),(3,193,'2022-11-25 10:05:18'),(3,194,'2022-11-25 10:05:18'),(3,195,'2022-11-25 10:05:18'),(3,196,'2022-11-25 10:05:18'),(3,197,'2022-11-25 10:05:18'),(3,198,'2022-11-25 10:05:18'),(3,199,'2022-11-25 10:05:18'),(3,200,'2022-11-25 10:05:18'),(3,201,'2022-11-25 10:05:18'),(3,202,'2022-11-25 10:05:18'),(3,203,'2022-11-25 10:05:18'),(3,204,'2022-11-25 10:05:18'),(3,205,'2022-11-25 10:05:18'),(3,206,'2022-11-25 10:05:18'),(3,207,'2022-11-25 10:05:18'),(3,208,'2022-11-25 10:05:18'),(3,209,'2022-11-25 10:05:18'),(3,210,'2022-11-25 10:05:18'),(3,211,'2022-11-25 10:05:18'),(3,212,'2022-11-25 10:05:18'),(3,213,'2022-11-25 10:05:18'),(3,214,'2022-11-25 10:05:18'),(3,215,'2022-11-25 10:05:18'),(3,216,'2022-11-25 10:05:18'),(3,217,'2022-11-25 10:05:18'),(3,218,'2022-11-25 10:05:18'),(3,219,'2022-11-25 10:05:18'),(3,220,'2022-11-25 10:05:18'),(3,221,'2022-11-25 10:05:18'),(3,222,'2022-11-25 10:05:18'),(3,223,'2022-11-25 10:05:18'),(3,224,'2022-11-25 10:05:18'),(3,225,'2022-11-25 10:05:18'),(3,226,'2022-11-25 10:05:18'),(3,227,'2022-11-25 10:05:18'),(3,228,'2022-11-25 10:05:18'),(3,229,'2022-11-25 10:05:18'),(3,230,'2022-11-25 10:05:18'),(3,231,'2022-11-25 10:05:18'),(3,232,'2022-11-25 10:05:18'),(3,233,'2022-11-25 10:05:18'),(3,234,'2022-11-25 10:05:18'),(3,235,'2022-11-25 10:05:18'),(3,236,'2022-11-25 10:05:18'),(3,237,'2022-11-25 10:05:18'),(3,238,'2022-11-25 10:05:18'),(3,239,'2022-11-25 10:05:18'),(3,240,'2022-11-25 10:05:18'),(3,241,'2022-11-25 10:05:18'),(3,242,'2022-11-25 10:05:18'),(3,243,'2022-11-25 10:05:18'),(3,244,'2022-11-25 10:05:18'),(3,245,'2022-11-25 10:05:18'),(3,246,'2022-11-25 10:05:18'),(3,247,'2022-11-25 10:05:18'),(3,248,'2022-11-25 10:05:18'),(3,249,'2022-11-25 10:05:18'),(3,250,'2022-11-25 10:05:18'),(3,251,'2022-11-25 10:05:18'),(3,252,'2022-11-25 10:05:18'),(3,253,'2022-11-25 10:05:18'),(3,254,'2022-11-25 10:05:18'),(3,255,'2022-11-25 10:05:18'),(3,256,'2022-11-25 10:05:18'),(3,257,'2022-11-25 10:05:18'),(3,258,'2022-11-25 10:05:18'),(3,259,'2022-11-25 10:05:18'),(3,260,'2022-11-25 10:05:18'),(3,261,'2022-11-25 10:05:18'),(3,262,'2022-11-25 10:05:18'),(3,263,'2022-11-25 10:05:18'),(3,264,'2022-11-25 10:05:18'),(3,265,'2022-11-25 10:05:18'),(3,266,'2022-11-25 10:05:18'),(3,267,'2022-11-25 10:05:18'),(3,268,'2022-11-25 10:05:18'),(3,269,'2022-11-25 10:05:18'),(3,270,'2022-11-25 10:05:18'),(3,271,'2022-11-25 10:05:18'),(3,272,'2022-11-25 10:05:18'),(3,273,'2022-11-25 10:05:18'),(3,274,'2022-11-25 10:05:18'),(3,275,'2022-11-25 10:05:18'),(3,276,'2022-11-25 10:05:18'),(3,277,'2022-11-25 10:05:18'),(3,278,'2022-11-25 10:05:18'),(3,279,'2022-11-25 10:05:18'),(3,280,'2022-11-25 10:05:18'),(3,281,'2022-11-25 10:05:18'),(3,282,'2022-11-25 10:05:18'),(3,283,'2022-11-25 10:05:18'),(3,284,'2022-11-25 10:05:18'),(3,285,'2022-11-25 10:05:18'),(3,286,'2022-11-25 10:05:18'),(3,287,'2022-11-25 10:05:18'),(3,288,'2022-11-25 10:05:18'),(3,289,'2022-11-25 10:05:18'),(3,290,'2022-11-25 10:05:18'),(3,291,'2022-11-25 10:05:18'),(3,292,'2022-11-25 10:05:18'),(3,293,'2022-11-25 10:05:18'),(3,294,'2022-11-25 10:05:18'),(3,295,'2022-11-25 10:05:18'),(3,296,'2022-11-25 10:05:18'),(3,297,'2022-11-25 10:05:18'),(3,298,'2022-11-25 10:05:18'),(3,299,'2022-11-25 10:05:18'),(4,85,'2022-11-25 10:05:18'),(4,86,'2022-11-25 10:05:18'),(4,87,'2022-11-25 10:05:18'),(4,88,'2022-11-25 10:05:18'),(4,89,'2022-11-25 10:05:18'),(4,90,'2022-11-25 10:05:18'),(4,91,'2022-11-25 10:05:18'),(4,92,'2022-11-25 10:05:18'),(4,93,'2022-11-25 10:05:18'),(4,94,'2022-11-25 10:05:18'),(4,95,'2022-11-25 10:05:18'),(4,96,'2022-11-25 10:05:18'),(4,97,'2022-11-25 10:05:18'),(4,98,'2022-11-25 10:05:18'),(4,99,'2022-11-25 10:05:18'),(4,100,'2022-11-25 10:05:18'),(4,101,'2022-11-25 10:05:18'),(4,102,'2022-11-25 10:05:18'),(4,103,'2022-11-25 10:05:18'),(4,104,'2022-11-25 10:05:18'),(4,105,'2022-11-25 10:05:18'),(4,106,'2022-11-25 10:05:18'),(4,107,'2022-11-25 10:05:18'),(4,108,'2022-11-25 10:05:18'),(4,109,'2022-11-25 10:05:18'),(4,110,'2022-11-25 10:05:18'),(4,111,'2022-11-25 10:05:18'),(4,112,'2022-11-25 10:05:18'),(4,113,'2022-11-25 10:05:18'),(4,114,'2022-11-25 10:05:18'),(4,115,'2022-11-25 10:05:18'),(4,116,'2022-11-25 10:05:18'),(4,117,'2022-11-25 10:05:18'),(4,118,'2022-11-25 10:05:18'),(4,119,'2022-11-25 10:05:18'),(4,120,'2022-11-25 10:05:18'),(4,121,'2022-11-25 10:05:18'),(4,122,'2022-11-25 10:05:18'),(4,123,'2022-11-25 10:05:18'),(4,124,'2022-11-25 10:05:18'),(4,125,'2022-11-25 10:05:18'),(4,126,'2022-11-25 10:05:18'),(4,127,'2022-11-25 10:05:18'),(4,128,'2022-11-25 10:05:18'),(4,129,'2022-11-25 10:05:18'),(4,130,'2022-11-25 10:05:18'),(4,131,'2022-11-25 10:05:18'),(4,132,'2022-11-25 10:05:18'),(4,133,'2022-11-25 10:05:18'),(4,134,'2022-11-25 10:05:18'),(4,135,'2022-11-25 10:05:18'),(4,136,'2022-11-25 10:05:18'),(4,137,'2022-11-25 10:05:18'),(4,138,'2022-11-25 10:05:18'),(4,139,'2022-11-25 10:05:18'),(4,140,'2022-11-25 10:05:18'),(4,141,'2022-11-25 10:05:18'),(4,142,'2022-11-25 10:05:18'),(4,143,'2022-11-25 10:05:18'),(4,144,'2022-11-25 10:05:18'),(4,145,'2022-11-25 10:05:18'),(4,146,'2022-11-25 10:05:18'),(4,147,'2022-11-25 10:05:18'),(4,148,'2022-11-25 10:05:18'),(4,149,'2022-11-25 10:05:18'),(4,150,'2022-11-25 10:05:18'),(4,151,'2022-11-25 10:05:18'),(4,152,'2022-11-25 10:05:18'),(4,153,'2022-11-25 10:05:18'),(4,154,'2022-11-25 10:05:18'),(4,155,'2022-11-25 10:05:18'),(4,156,'2022-11-25 10:05:18'),(4,157,'2022-11-25 10:05:18'),(4,158,'2022-11-25 10:05:18'),(4,159,'2022-11-25 10:05:18'),(4,160,'2022-11-25 10:05:18'),(4,161,'2022-11-25 10:05:18'),(4,162,'2022-11-25 10:05:18'),(4,163,'2022-11-25 10:05:18'),(4,164,'2022-11-25 10:05:18'),(4,165,'2022-11-25 10:05:18'),(4,166,'2022-11-25 10:05:18'),(4,167,'2022-11-25 10:05:18'),(4,168,'2022-11-25 10:05:18'),(4,169,'2022-11-25 10:05:18'),(4,170,'2022-11-25 10:05:18'),(4,171,'2022-11-25 10:05:18'),(4,172,'2022-11-25 10:05:18'),(4,173,'2022-11-25 10:05:18'),(4,174,'2022-11-25 10:05:18'),(4,175,'2022-11-25 10:05:18'),(4,176,'2022-11-25 10:05:18'),(4,177,'2022-11-25 10:05:18'),(4,178,'2022-11-25 10:05:18'),(4,179,'2022-11-25 10:05:18'),(4,180,'2022-11-25 10:05:18'),(4,181,'2022-11-25 10:05:18'),(4,182,'2022-11-25 10:05:18'),(4,183,'2022-11-25 10:05:18'),(4,184,'2022-11-25 10:05:18'),(4,185,'2022-11-25 10:05:18'),(4,186,'2022-11-25 10:05:18'),(4,187,'2022-11-25 10:05:18'),(4,188,'2022-11-25 10:05:18'),(4,189,'2022-11-25 10:05:18'),(4,190,'2022-11-25 10:05:18'),(4,191,'2022-11-25 10:05:18'),(4,192,'2022-11-25 10:05:18'),(4,193,'2022-11-25 10:05:18'),(4,194,'2022-11-25 10:05:18'),(4,195,'2022-11-25 10:05:18'),(4,196,'2022-11-25 10:05:18'),(4,197,'2022-11-25 10:05:18'),(4,198,'2022-11-25 10:05:18'),(4,199,'2022-11-25 10:05:18'),(4,200,'2022-11-25 10:05:18'),(4,201,'2022-11-25 10:05:18'),(4,202,'2022-11-25 10:05:18'),(4,203,'2022-11-25 10:05:18'),(4,204,'2022-11-25 10:05:18'),(4,205,'2022-11-25 10:05:18'),(4,206,'2022-11-25 10:05:18'),(4,207,'2022-11-25 10:05:18'),(4,208,'2022-11-25 10:05:18'),(4,209,'2022-11-25 10:05:18'),(4,210,'2022-11-25 10:05:18'),(4,211,'2022-11-25 10:05:18'),(4,212,'2022-11-25 10:05:18'),(4,213,'2022-11-25 10:05:18'),(4,214,'2022-11-25 10:05:18'),(4,215,'2022-11-25 10:05:18'),(4,216,'2022-11-25 10:05:18'),(4,217,'2022-11-25 10:05:18'),(4,218,'2022-11-25 10:05:18'),(4,219,'2022-11-25 10:05:18'),(4,220,'2022-11-25 10:05:18'),(4,221,'2022-11-25 10:05:18'),(4,222,'2022-11-25 10:05:18'),(4,223,'2022-11-25 10:05:18'),(4,224,'2022-11-25 10:05:18'),(4,225,'2022-11-25 10:05:18'),(4,226,'2022-11-25 10:05:18'),(4,227,'2022-11-25 10:05:18'),(4,228,'2022-11-25 10:05:18'),(4,229,'2022-11-25 10:05:18'),(4,230,'2022-11-25 10:05:18'),(4,231,'2022-11-25 10:05:18'),(4,232,'2022-11-25 10:05:18'),(4,233,'2022-11-25 10:05:18'),(4,234,'2022-11-25 10:05:18'),(4,235,'2022-11-25 10:05:18'),(5,21,'2022-11-25 10:05:18'),(5,22,'2022-11-25 10:05:18'),(5,23,'2022-11-25 10:05:18'),(5,24,'2022-11-25 10:05:18'),(5,25,'2022-11-25 10:05:18'),(5,26,'2022-11-25 10:05:18'),(5,27,'2022-11-25 10:05:18'),(5,28,'2022-11-25 10:05:18'),(5,29,'2022-11-25 10:05:18'),(5,30,'2022-11-25 10:05:18'),(5,31,'2022-11-25 10:05:18'),(5,32,'2022-11-25 10:05:18'),(5,33,'2022-11-25 10:05:18'),(5,34,'2022-11-25 10:05:18'),(5,35,'2022-11-25 10:05:18'),(5,36,'2022-11-25 10:05:18'),(5,37,'2022-11-25 10:05:18'),(5,38,'2022-11-25 10:05:18'),(5,39,'2022-11-25 10:05:18'),(5,40,'2022-11-25 10:05:18'),(5,41,'2022-11-25 10:05:18'),(5,42,'2022-11-25 10:05:18'),(5,43,'2022-11-25 10:05:18'),(5,44,'2022-11-25 10:05:18'),(5,45,'2022-11-25 10:05:18'),(5,46,'2022-11-25 10:05:18'),(5,47,'2022-11-25 10:05:18'),(5,48,'2022-11-25 10:05:18'),(5,49,'2022-11-25 10:05:18'),(5,50,'2022-11-25 10:05:18'),(5,51,'2022-11-25 10:05:18'),(5,52,'2022-11-25 10:05:18'),(5,53,'2022-11-25 10:05:18'),(5,54,'2022-11-25 10:05:18'),(5,55,'2022-11-25 10:05:18'),(5,56,'2022-11-25 10:05:18'),(5,57,'2022-11-25 10:05:18'),(5,58,'2022-11-25 10:05:18'),(5,59,'2022-11-25 10:05:18'),(5,60,'2022-11-25 10:05:18'),(5,61,'2022-11-25 10:05:18'),(5,62,'2022-11-25 10:05:18'),(5,63,'2022-11-25 10:05:18'),(5,64,'2022-11-25 10:05:18'),(5,65,'2022-11-25 10:05:18'),(5,66,'2022-11-25 10:05:18'),(5,67,'2022-11-25 10:05:18'),(5,68,'2022-11-25 10:05:18'),(5,69,'2022-11-25 10:05:18'),(5,70,'2022-11-25 10:05:18'),(5,71,'2022-11-25 10:05:18'),(5,72,'2022-11-25 10:05:18'),(5,73,'2022-11-25 10:05:18'),(5,74,'2022-11-25 10:05:18'),(5,75,'2022-11-25 10:05:18'),(5,76,'2022-11-25 10:05:18'),(5,77,'2022-11-25 10:05:18'),(5,78,'2022-11-25 10:05:18'),(5,79,'2022-11-25 10:05:18'),(5,80,'2022-11-25 10:05:18'),(5,81,'2022-11-25 10:05:18'),(5,82,'2022-11-25 10:05:18'),(5,83,'2022-11-25 10:05:18'),(5,84,'2022-11-25 10:05:18'),(5,85,'2022-11-25 10:05:18'),(5,86,'2022-11-25 10:05:18'),(5,87,'2022-11-25 10:05:18'),(5,88,'2022-11-25 10:05:18'),(5,89,'2022-11-25 10:05:18'),(5,90,'2022-11-25 10:05:18'),(5,91,'2022-11-25 10:05:18'),(5,92,'2022-11-25 10:05:18'),(5,93,'2022-11-25 10:05:18'),(5,94,'2022-11-25 10:05:18'),(5,95,'2022-11-25 10:05:18'),(5,96,'2022-11-25 10:05:18'),(5,97,'2022-11-25 10:05:18'),(5,98,'2022-11-25 10:05:18'),(5,99,'2022-11-25 10:05:18'),(5,100,'2022-11-25 10:05:18'),(5,101,'2022-11-25 10:05:18'),(5,102,'2022-11-25 10:05:18'),(5,103,'2022-11-25 10:05:18'),(5,104,'2022-11-25 10:05:18'),(5,105,'2022-11-25 10:05:18'),(5,106,'2022-11-25 10:05:18'),(5,107,'2022-11-25 10:05:18'),(5,108,'2022-11-25 10:05:18'),(5,109,'2022-11-25 10:05:18'),(5,110,'2022-11-25 10:05:18'),(5,111,'2022-11-25 10:05:18'),(5,112,'2022-11-25 10:05:18'),(5,113,'2022-11-25 10:05:18'),(5,114,'2022-11-25 10:05:18'),(5,115,'2022-11-25 10:05:18'),(5,116,'2022-11-25 10:05:18'),(5,117,'2022-11-25 10:05:18'),(5,118,'2022-11-25 10:05:18'),(5,119,'2022-11-25 10:05:18'),(5,120,'2022-11-25 10:05:18'),(5,121,'2022-11-25 10:05:18'),(5,122,'2022-11-25 10:05:18'),(5,123,'2022-11-25 10:05:18'),(5,124,'2022-11-25 10:05:18'),(5,125,'2022-11-25 10:05:18'),(5,126,'2022-11-25 10:05:18'),(5,127,'2022-11-25 10:05:18'),(5,128,'2022-11-25 10:05:18'),(5,129,'2022-11-25 10:05:18'),(5,130,'2022-11-25 10:05:18'),(5,131,'2022-11-25 10:05:18'),(5,132,'2022-11-25 10:05:18'),(5,133,'2022-11-25 10:05:18'),(5,134,'2022-11-25 10:05:18'),(5,135,'2022-11-25 10:05:18'),(5,136,'2022-11-25 10:05:18'),(5,137,'2022-11-25 10:05:18'),(5,138,'2022-11-25 10:05:18'),(5,139,'2022-11-25 10:05:18'),(5,140,'2022-11-25 10:05:18'),(5,141,'2022-11-25 10:05:18'),(5,142,'2022-11-25 10:05:18'),(5,143,'2022-11-25 10:05:18'),(5,144,'2022-11-25 10:05:18'),(5,145,'2022-11-25 10:05:18'),(5,146,'2022-11-25 10:05:18'),(5,147,'2022-11-25 10:05:18'),(5,148,'2022-11-25 10:05:18'),(5,149,'2022-11-25 10:05:18'),(5,150,'2022-11-25 10:05:18'),(5,151,'2022-11-25 10:05:18'),(5,152,'2022-11-25 10:05:18'),(5,153,'2022-11-25 10:05:18'),(5,154,'2022-11-25 10:05:18'),(5,155,'2022-11-25 10:05:18'),(5,156,'2022-11-25 10:05:18'),(5,157,'2022-11-25 10:05:18'),(5,158,'2022-11-25 10:05:18'),(5,159,'2022-11-25 10:05:18'),(5,160,'2022-11-25 10:05:18'),(5,161,'2022-11-25 10:05:18'),(5,162,'2022-11-25 10:05:18'),(5,163,'2022-11-25 10:05:18'),(5,164,'2022-11-25 10:05:18'),(5,165,'2022-11-25 10:05:18'),(5,166,'2022-11-25 10:05:18'),(5,167,'2022-11-25 10:05:18'),(5,168,'2022-11-25 10:05:18'),(5,169,'2022-11-25 10:05:18'),(5,170,'2022-11-25 10:05:18'),(5,171,'2022-11-25 10:05:18'),(5,172,'2022-11-25 10:05:18'),(5,173,'2022-11-25 10:05:18'),(5,174,'2022-11-25 10:05:18'),(5,175,'2022-11-25 10:05:18'),(5,176,'2022-11-25 10:05:18'),(5,177,'2022-11-25 10:05:18'),(5,178,'2022-11-25 10:05:18'),(5,179,'2022-11-25 10:05:18'),(5,180,'2022-11-25 10:05:18'),(5,181,'2022-11-25 10:05:18'),(5,182,'2022-11-25 10:05:18'),(5,183,'2022-11-25 10:05:18'),(5,184,'2022-11-25 10:05:18');
/*!40000 ALTER TABLE `GebruikerHeeftAlbum` ENABLE KEYS */;
UNLOCK TABLES;

--
-- Table structure for table `GebruikerHeeftLiedje`
--

DROP TABLE IF EXISTS `GebruikerHeeftLiedje`;
/*!40101 SET @saved_cs_client     = @@character_set_client */;
/*!50503 SET character_set_client = utf8mb4 */;
CREATE TABLE `GebruikerHeeftLiedje` (
  `Gebruikers_Id` int NOT NULL,
  `Nummers_Id` int NOT NULL,
  `Favoriet` tinyint(1) NOT NULL,
  KEY `fk_GebruikerHeeftNummer_Gebruikers` (`Gebruikers_Id`),
  KEY `fk_GebruikerHeeftNummer_Nummers` (`Nummers_Id`),
  CONSTRAINT `fk_GebruikerHeeftNummer_Gebruikers` FOREIGN KEY (`Gebruikers_Id`) REFERENCES `Gebruikers` (`Id`),
  CONSTRAINT `fk_GebruikerHeeftNummer_Nummers` FOREIGN KEY (`Nummers_Id`) REFERENCES `Liedjes` (`Id`)
) ENGINE=InnoDB DEFAULT CHARSET=utf8mb4 COLLATE=utf8mb4_0900_ai_ci;
/*!40101 SET character_set_client = @saved_cs_client */;

--
-- Dumping data for table `GebruikerHeeftLiedje`
--

LOCK TABLES `GebruikerHeeftLiedje` WRITE;
/*!40000 ALTER TABLE `GebruikerHeeftLiedje` DISABLE KEYS */;
INSERT INTO `GebruikerHeeftLiedje` VALUES (2,5,0),(1,43,1);
/*!40000 ALTER TABLE `GebruikerHeeftLiedje` ENABLE KEYS */;
UNLOCK TABLES;

--
-- Table structure for table `LiedjeOpAlbum`
--

DROP TABLE IF EXISTS `LiedjeOpAlbum`;
/*!40101 SET @saved_cs_client     = @@character_set_client */;
/*!50503 SET character_set_client = utf8mb4 */;
CREATE TABLE `LiedjeOpAlbum` (
  `Liedjes_Id` int NOT NULL,
  `Albums_Id` int NOT NULL,
  `Tracknummer` tinyint unsigned NOT NULL,
  KEY `fk_NummerOpAlbum_Nummers` (`Liedjes_Id`),
  KEY `fk_NummerOpAlbum_Albums` (`Albums_Id`),
  CONSTRAINT `fk_NummerOpAlbum_Albums` FOREIGN KEY (`Albums_Id`) REFERENCES `Albums` (`Id`),
  CONSTRAINT `fk_NummerOpAlbum_Nummers` FOREIGN KEY (`Liedjes_Id`) REFERENCES `Liedjes` (`Id`) ON DELETE CASCADE
) ENGINE=InnoDB DEFAULT CHARSET=utf8mb4 COLLATE=utf8mb4_0900_ai_ci;
/*!40101 SET character_set_client = @saved_cs_client */;

--
-- Dumping data for table `LiedjeOpAlbum`
--

LOCK TABLES `LiedjeOpAlbum` WRITE;
/*!40000 ALTER TABLE `LiedjeOpAlbum` DISABLE KEYS */;
INSERT INTO `LiedjeOpAlbum` VALUES (1,1,5),(2,1,9),(3,2,8),(4,2,4),(5,3,6),(6,3,7),(7,4,4),(8,5,1),(9,6,3),(10,6,9),(11,6,5),(12,6,9),(13,6,10),(14,6,3),(15,6,6),(16,6,8),(17,6,3),(18,6,2),(19,7,7),(20,8,10),(21,8,9),(22,8,5),(23,9,8),(24,9,3),(25,9,1),(26,9,6),(27,9,8),(28,9,8),(29,9,7),(30,9,2),(31,10,7),(32,10,9),(33,10,2),(34,10,3),(35,10,7),(36,10,9),(37,10,10),(38,10,5),(39,10,5),(40,10,1),(41,10,6),(42,10,10),(43,10,8),(44,10,1),(45,10,2),(46,11,3),(47,11,2),(48,11,10),(49,11,5),(50,11,3),(51,11,9),(52,11,6),(53,11,4),(54,11,10),(55,11,7),(56,11,5),(57,11,5),(58,11,7),(59,12,2),(60,12,6),(61,12,6),(62,12,1),(63,12,6),(64,12,7),(65,12,5),(66,12,4),(67,12,5),(68,12,3),(69,12,8),(70,12,2),(71,13,7),(72,13,7),(73,13,5),(74,13,3),(75,13,1),(76,13,5),(77,13,1),(78,13,1),(79,13,1),(80,13,9),(81,13,4),(82,13,3),(83,13,10),(84,13,10),(85,14,10),(86,14,8),(87,14,10),(88,14,8),(89,14,8),(90,14,5),(91,14,10),(92,14,7),(93,15,1),(94,15,7),(95,15,9),(96,15,4),(97,15,3),(98,15,2),(99,15,9),(100,15,10),(101,15,2),(102,15,9),(103,15,8),(104,15,5),(105,15,10),(106,15,4),(107,16,10),(108,16,6),(109,16,1),(110,16,6),(111,16,4),(112,16,5),(113,16,10),(114,16,7),(115,16,5),(116,16,1),(117,16,9),(118,16,3),(119,17,5),(120,17,9),(121,17,8),(122,17,3),(123,17,10),(124,17,1),(125,17,2),(126,17,10),(127,17,3),(128,17,3),(129,17,6),(130,17,10),(131,18,3),(132,18,2),(133,18,10),(134,18,5),(135,18,5),(136,18,10),(137,18,4),(138,19,8),(139,19,10),(140,19,3),(141,19,6),(142,19,10),(143,19,3),(144,19,4),(145,19,10),(146,19,7),(147,19,5),(148,19,3),(149,19,10),(150,19,9),(151,20,5),(152,20,6),(153,20,7),(154,20,5),(155,20,3),(156,21,1),(157,21,7),(158,21,9),(159,21,3),(160,21,10),(161,21,1),(162,21,2),(163,22,8),(164,22,1),(165,22,3),(166,22,10),(167,22,10),(168,22,1),(169,22,4),(170,22,8),(171,22,6),(172,22,6),(173,23,3),(174,23,7),(175,23,6),(176,23,9),(177,23,6),(178,23,1),(179,23,6),(180,23,7),(181,23,8),(182,23,7),(183,23,10),(184,23,9),(185,23,5),(186,23,6),(187,23,7),(188,23,4),(189,23,9),(190,24,4),(191,24,10),(192,24,8),(193,24,1),(194,24,1),(195,24,9),(196,24,1),(197,24,7),(198,24,3),(199,24,4),(200,24,10),(201,25,8),(202,25,10),(203,25,5),(204,25,5),(205,25,7),(206,25,1),(207,25,5),(208,25,8),(209,25,8),(210,25,5),(211,25,2),(212,26,2),(213,26,6),(214,26,2),(215,26,3),(216,26,6),(217,26,10),(218,26,4),(219,26,8),(220,26,8),(221,26,6),(222,26,5),(223,26,5),(224,26,2),(225,26,4),(226,26,5),(227,26,10),(228,26,7),(229,27,2),(230,27,10),(231,27,2),(232,28,10),(233,28,5),(234,28,3),(235,28,1),(236,28,5),(237,28,3),(238,28,10),(239,28,9),(240,28,4),(241,28,3),(242,28,2),(243,28,9),(244,28,9),(245,28,8),(246,28,1),(247,28,10),(248,28,6),(249,28,1),(250,28,5),(251,28,4),(252,28,2),(253,28,8),(254,28,4),(255,28,7),(256,28,1),(257,28,4),(258,28,6),(259,28,7),(260,28,5),(261,28,6),(262,28,3),(263,28,8),(264,28,1),(265,28,9),(266,29,2),(267,29,2),(268,29,2),(269,29,4),(270,29,5),(271,29,4),(272,29,1),(273,29,5),(274,29,1),(275,29,8),(276,29,7),(277,29,2),(278,29,9),(279,29,8),(280,29,4),(281,29,4),(282,29,8),(283,29,9),(284,29,8),(285,29,2),(286,29,8),(287,29,1),(288,29,1),(289,30,4),(291,30,2),(292,30,5),(293,30,8),(294,30,3),(295,30,4),(296,30,7),(297,30,3),(298,30,4),(299,30,2),(300,30,7),(301,30,7),(302,31,3),(303,31,4),(304,31,9),(305,31,5),(306,31,6),(307,31,7),(308,31,5),(309,31,4),(310,31,2),(311,31,1),(312,32,6),(313,32,6),(314,32,4),(315,32,9),(316,32,1),(317,32,1),(318,32,2),(319,32,3),(320,32,1),(321,32,6),(322,32,7),(323,32,5),(324,32,2),(325,33,8),(326,33,10),(327,33,7),(328,33,2),(329,33,2),(330,33,2),(331,33,3),(332,33,9),(333,33,6),(334,33,3),(335,33,8),(336,33,8),(337,33,5),(338,33,10),(339,34,7),(340,34,2),(341,34,9),(342,34,8),(343,34,3),(344,34,10),(345,34,1),(346,34,4),(347,34,5),(348,35,6),(349,35,2),(350,35,3),(351,35,8),(352,35,10),(353,35,7),(354,35,5),(355,35,1),(356,35,10),(357,35,6),(358,35,1),(359,35,6),(360,35,6),(361,35,3),(362,35,5),(363,35,5),(364,35,2),(366,36,3),(367,36,1),(368,36,2),(369,36,10),(370,36,2),(371,36,1),(372,36,9),(373,36,10),(374,36,3),(375,36,4),(376,36,9),(377,36,6),(378,36,9),(379,36,10),(380,36,1),(381,36,3),(382,37,1),(383,37,7),(384,37,10),(385,37,8),(386,37,2),(387,37,5),(388,37,9),(389,37,9),(390,37,7),(391,37,6),(392,37,1),(393,38,5),(394,38,1),(395,38,10),(396,38,5),(397,38,6),(398,38,6),(399,38,9),(400,38,7),(401,38,6),(402,38,1),(403,38,6),(404,38,8),(405,38,10),(406,38,6),(407,38,8),(408,38,3),(409,38,8),(410,39,2),(411,39,6),(412,39,1),(413,39,8),(414,39,7),(415,39,9),(416,39,3),(417,39,6),(418,39,3),(419,39,7),(420,39,7),(421,39,1),(422,39,2),(423,39,9),(424,39,6),(425,39,5),(426,39,6),(427,39,5),(428,39,6),(429,39,3),(430,40,8),(431,40,2),(432,40,5),(433,40,7),(434,40,10),(435,40,9),(436,40,2),(437,40,5),(438,40,8),(439,40,6),(440,40,3),(441,40,7),(442,41,7),(443,41,5),(444,41,1),(445,41,8),(446,41,9),(447,41,9),(448,41,10),(449,41,10),(450,41,9),(451,41,6),(452,41,1),(453,41,6),(454,41,6),(455,41,10),(456,41,5),(457,41,5),(458,41,6),(459,41,8),(460,41,9),(461,41,9),(462,41,1),(463,42,4),(464,42,10),(465,42,5),(466,42,4),(467,42,5),(468,42,2),(469,42,3),(470,42,1),(471,42,3),(472,42,2),(473,42,2),(474,42,2),(475,43,4),(476,43,5),(477,43,2),(478,43,3),(479,43,9),(480,43,4),(481,43,2),(482,43,9),(483,43,7),(484,43,7),(485,43,5),(486,43,3),(487,43,8),(488,43,4),(489,28,2),(490,28,10),(491,28,2),(492,28,10),(493,28,3),(494,28,5),(495,28,4),(496,28,7),(497,28,3),(498,28,2),(499,28,10),(500,28,3),(501,28,7),(502,28,5),(503,44,1),(504,44,3),(505,44,8),(506,44,3),(507,44,1),(508,44,5),(509,44,9),(510,45,2),(511,45,3),(512,45,9),(513,45,5),(514,45,5),(515,45,2),(516,46,6),(517,46,1),(518,46,6),(519,46,6),(520,46,3),(521,46,8),(522,46,7),(523,46,3),(524,46,2),(525,46,1),(526,46,7),(527,46,2),(528,46,7),(529,46,9),(530,47,6),(531,47,10),(532,47,1),(533,47,6),(534,47,4),(535,47,5),(536,47,1),(537,47,8),(538,47,7),(539,47,2),(540,47,9),(541,47,9),(542,47,5),(543,48,9),(544,48,8),(545,48,3),(546,48,2),(547,48,10),(548,48,4),(549,48,9),(550,48,3),(551,48,8),(552,48,9),(553,48,10),(554,48,4),(555,48,10),(556,48,8),(557,49,10),(558,49,6),(559,49,7),(560,49,7),(561,49,5),(562,49,5),(563,49,7),(564,49,10),(565,49,9),(566,49,3),(567,49,6),(568,49,4),(569,49,9),(570,50,4),(571,50,2),(572,50,6),(573,50,4),(574,50,3),(575,50,10),(576,50,3),(577,50,5),(578,50,2),(579,50,8),(580,51,2),(581,51,6),(582,51,5),(583,51,4),(584,52,6),(585,52,7),(586,52,5),(587,52,6),(588,52,3),(589,52,9),(590,52,3),(591,52,10),(592,52,8),(593,52,9),(594,52,10),(595,52,3),(596,52,3),(597,52,7),(598,52,6),(599,52,8),(600,52,10),(601,52,6),(602,52,8),(603,52,4),(604,52,3),(605,52,3),(606,53,8),(607,53,9),(608,53,1),(609,53,7),(610,53,1),(611,53,6),(612,53,5),(613,53,6),(614,53,4),(615,53,4),(616,53,7),(617,53,3),(618,53,1),(619,54,7),(620,54,2),(621,54,6),(622,54,7),(623,54,4),(624,54,8),(625,54,8),(626,54,8),(627,54,3),(628,54,10),(629,54,1),(630,54,5),(631,54,3),(632,54,10),(633,54,8),(634,54,2),(635,54,5),(636,54,8),(637,54,2),(638,54,9),(639,55,9),(640,55,6),(641,55,1),(642,55,10),(643,55,4),(644,55,1),(645,55,10),(646,55,9),(647,55,4),(648,55,2),(649,55,6),(650,55,4),(651,55,1),(652,55,3),(653,55,2),(654,55,8),(655,55,6),(656,55,5),(657,55,7),(658,55,9),(659,56,3),(660,56,7),(661,56,6),(662,56,9),(663,56,7),(664,56,9),(665,56,10),(666,56,6),(667,56,8),(668,56,10),(669,56,7),(670,56,5),(671,56,4),(672,56,2),(673,56,8),(674,57,6),(675,57,3),(676,57,6),(677,57,9),(678,57,10),(679,57,3),(680,57,1),(681,57,8),(682,57,5),(683,57,1),(684,57,9),(685,57,1),(686,57,6),(687,57,10),(688,57,10),(689,58,8),(690,58,2),(691,58,5),(692,58,6),(693,58,6),(694,58,2),(695,58,2),(696,58,5),(697,58,6),(698,59,6),(699,59,2),(700,59,10),(701,59,6),(702,59,7),(703,59,9),(704,59,1),(705,60,7),(706,60,2),(707,60,8),(708,60,4),(709,60,5),(710,60,4),(711,60,5),(712,61,1),(713,61,1),(714,61,3),(715,61,9),(716,61,8),(717,61,2),(718,61,7),(719,61,5),(720,61,5),(722,61,10),(723,62,1),(724,62,5),(725,62,1),(726,62,1),(728,62,5),(730,63,7),(731,63,1),(732,63,3),(733,63,2),(734,63,2),(735,63,4),(736,63,1),(737,63,5),(738,63,9),(739,63,2),(740,63,1),(741,63,9),(742,64,2),(743,64,2),(744,64,3),(745,64,8),(746,64,2),(747,64,7),(748,64,7),(749,64,4),(750,64,6),(752,65,2),(753,65,1),(754,65,5),(756,65,7),(757,65,10),(758,65,7),(759,65,5),(760,66,2),(761,66,6),(762,66,3),(763,66,8),(764,66,1),(765,66,9),(766,66,10),(767,66,6),(768,66,7),(769,66,5),(770,67,7),(771,67,8),(772,67,9),(773,67,10),(774,67,2),(775,67,9),(776,67,8),(777,67,3),(778,67,1),(779,67,5),(780,67,10),(781,67,4),(782,67,1),(783,67,1),(784,67,4),(785,67,6),(786,68,7),(787,68,5),(788,68,4),(789,68,4),(790,68,8),(791,68,8),(792,68,7),(793,68,9),(794,68,4),(795,69,2),(796,69,7),(797,69,10),(798,69,9),(799,69,4),(800,69,2),(801,69,6),(802,69,4),(803,69,3),(804,69,10),(805,69,10),(806,69,3),(807,69,2),(808,70,9),(809,70,2),(810,70,9),(811,70,1),(812,70,9),(813,70,9),(814,70,8),(815,70,4),(816,70,3),(817,70,2),(818,70,10),(821,71,7),(822,71,5),(823,71,1),(824,71,2),(825,71,5),(826,71,7),(827,71,3),(828,71,1),(829,71,5),(830,71,2),(831,71,5),(832,71,10),(833,71,1),(834,71,7),(835,72,1),(836,72,2),(837,72,9),(838,72,10),(839,72,9),(840,72,4),(841,72,4),(842,72,7),(843,72,4),(844,72,7),(845,72,3),(846,72,2),(847,72,3),(848,72,9),(849,72,3),(850,72,9),(851,72,7),(852,72,7),(853,73,3),(854,73,4),(855,73,9),(856,73,1),(857,73,1),(858,73,10),(860,73,5),(861,73,2),(862,73,3),(863,73,2),(864,73,7),(865,73,1),(866,73,2),(867,73,9),(868,73,6),(869,73,5),(870,73,6),(871,73,2),(872,73,3),(873,73,9),(874,73,7),(875,73,5),(876,73,5),(877,73,9),(878,73,10),(879,73,1),(880,73,6),(881,73,6),(882,73,1),(883,74,7),(884,74,3),(885,74,4),(886,74,9),(887,74,3),(888,74,6),(889,74,1),(890,74,5),(891,74,2),(892,74,6),(893,74,1),(894,74,9),(895,75,1),(896,75,8),(897,75,6),(898,75,7),(899,75,7),(900,75,2),(901,75,8),(902,75,4),(903,75,5),(904,75,3),(905,75,8),(906,75,2),(907,75,6),(908,75,2),(909,76,2),(910,76,3),(911,76,7),(912,76,8),(913,76,7),(914,76,2),(915,76,6),(916,76,7),(917,76,3),(918,76,4),(919,76,2),(920,76,7),(921,76,6),(922,76,2),(923,76,10),(924,77,2),(925,77,2),(926,77,2),(927,77,3),(928,77,7),(929,77,7),(930,77,5),(931,77,1),(932,77,10),(933,77,5),(934,77,8),(935,78,3),(936,78,8),(937,78,4),(938,78,3),(939,78,4),(940,78,10),(941,78,8),(942,78,8),(943,78,6),(944,78,4),(945,78,1),(946,78,6),(947,78,4),(948,78,1),(949,79,4),(950,79,7),(951,79,4),(952,79,7),(953,79,1),(954,79,5),(955,79,10),(956,79,6),(957,79,7),(958,79,9),(959,80,3),(960,80,9),(961,80,2),(962,80,5),(963,80,10),(964,80,1),(965,80,7),(966,80,10),(967,80,1),(968,80,2),(969,81,7),(970,81,10),(971,81,6),(972,81,10),(973,81,2),(974,81,8),(975,81,5),(976,81,9),(977,81,9),(978,81,1),(979,81,4),(980,82,7),(981,82,2),(982,82,8),(983,82,5),(984,82,10),(985,82,6),(986,82,9),(987,82,8),(988,82,9),(989,82,2),(990,82,4),(991,82,1),(992,82,2),(993,83,10),(994,83,10),(995,83,10),(996,83,9),(997,83,7),(998,83,6),(999,83,10),(1000,83,10),(1001,83,1),(1002,83,3),(1003,83,1),(1004,83,6),(1005,83,7),(1006,83,8),(1007,83,7),(1008,83,3),(1009,84,1),(1010,84,4),(1011,84,10),(1012,84,5),(1013,84,4),(1014,84,4),(1015,84,9),(1016,84,3),(1017,84,7),(1018,84,6),(1019,84,8),(1020,84,1),(1021,84,9),(1022,84,4),(1023,84,10),(1024,85,7),(1025,85,8),(1026,85,5),(1027,86,2),(1028,86,6),(1029,86,3),(1030,86,4),(1031,86,3),(1032,86,1),(1033,86,8),(1034,86,4),(1035,86,6),(1036,86,6),(1037,86,3),(1038,86,5),(1039,87,5),(1040,87,1),(1041,87,1),(1042,87,10),(1043,87,7),(1044,87,3),(1045,87,3),(1046,87,7),(1047,87,6),(1048,87,7),(1049,87,5),(1050,87,6),(1051,87,2),(1052,88,2),(1053,88,5),(1054,88,9),(1055,88,7),(1056,88,8),(1057,88,7),(1058,88,4),(1059,88,6),(1060,88,7),(1061,88,5),(1062,88,7),(1063,88,7),(1064,89,4),(1065,89,10),(1066,89,5),(1067,89,4),(1068,89,7),(1069,89,10),(1070,89,8),(1071,89,10),(1072,89,6),(1073,89,8),(1074,89,2),(1075,89,6),(1076,89,4),(1077,89,3),(1078,89,10),(1079,89,1),(1080,90,6),(1081,90,4),(1082,90,3),(1083,90,2),(1084,90,9),(1085,90,8),(1086,90,5),(1087,90,2),(1088,90,1),(1089,90,10),(1090,90,8),(1091,90,10),(1092,90,2),(1093,90,3),(1094,91,7),(1095,91,6),(1096,91,8),(1097,91,1),(1098,91,1),(1099,91,3),(1100,91,10),(1101,91,10),(1102,91,1),(1103,91,4),(1104,91,5),(1105,91,2),(1106,91,4),(1107,92,5),(1108,92,4),(1109,92,1),(1110,92,6),(1111,92,4),(1112,92,10),(1113,92,10),(1114,92,1),(1115,92,2),(1116,92,8),(1117,92,5),(1118,93,7),(1119,93,1),(1120,93,4),(1121,93,5),(1122,93,5),(1123,93,9),(1124,93,9),(1125,93,6),(1126,93,3),(1127,93,7),(1128,93,4),(1129,93,8),(1130,94,9),(1131,94,8),(1132,94,5),(1133,94,8),(1134,94,5),(1135,94,2),(1136,94,4),(1137,94,5),(1138,94,10),(1139,94,7),(1140,94,3),(1141,95,6),(1142,95,8),(1143,95,1),(1144,95,10),(1145,95,7),(1146,95,5),(1147,95,2),(1148,95,7),(1149,95,8),(1150,95,9),(1151,96,1),(1152,96,7),(1153,96,10),(1154,96,9),(1155,96,6),(1156,96,10),(1157,96,2),(1158,96,9),(1159,96,8),(1160,96,4),(1161,96,7),(1165,97,10),(1166,97,9),(1168,97,4),(1169,97,7),(1170,97,2),(1171,97,10),(1172,97,2),(1174,98,1),(1175,98,8),(1176,98,6),(1177,98,6),(1178,98,2),(1179,98,3),(1180,98,6),(1181,98,9),(1182,98,8),(1183,99,2),(1184,99,7),(1185,99,6),(1186,99,1),(1187,99,8),(1188,99,3),(1189,99,2),(1190,99,9),(1191,99,1),(1192,99,7),(1193,100,2),(1194,100,6),(1197,100,2),(1198,100,5),(1199,100,10),(1200,100,1),(1204,100,1),(1207,100,3),(1208,100,4),(1209,100,2),(1210,100,8),(1221,102,8),(1232,103,10),(1233,103,4),(1234,103,9),(1235,103,1),(1236,103,7),(1237,103,1),(1238,103,4),(1239,103,5),(1240,103,6),(1243,104,3),(1246,104,2),(1247,104,4),(1248,104,5),(1249,104,10),(1252,105,3),(1253,105,4),(1254,105,10),(1255,105,7),(1258,106,5),(1265,106,3),(1269,107,5),(1277,108,5),(1278,108,5),(1281,108,7),(1282,108,4),(1284,108,1),(1285,109,9),(1286,109,9),(1287,109,1),(1289,109,1),(1290,109,3),(1291,109,1),(1292,109,4),(1293,110,9),(1295,110,4),(1297,110,4),(1300,110,7),(1302,111,1),(1303,111,9),(1304,111,1),(1305,111,6),(1306,111,10),(1307,111,9),(1308,111,5),(1309,111,6),(1310,111,5),(1311,111,7),(1312,112,1),(1313,112,3),(1314,112,2),(1316,112,4),(1317,112,10),(1318,112,5),(1319,112,7),(1320,113,10),(1321,113,6),(1322,113,10),(1323,113,1),(1324,113,7),(1325,113,10),(1326,113,10),(1327,113,9),(1328,113,3),(1329,113,7),(1330,114,8),(1331,114,9),(1332,114,10),(1333,114,10),(1334,114,1),(1335,114,5),(1336,114,9),(1337,114,2),(1338,114,3),(1339,114,6),(1340,114,10),(1341,115,3),(1342,115,4),(1343,115,9),(1344,115,6),(1345,115,10),(1346,115,10),(1347,115,2),(1348,115,8),(1349,115,3),(1350,115,1),(1351,115,6),(1352,115,6),(1353,115,10),(1354,116,4),(1355,116,8),(1356,116,7),(1357,116,2),(1358,116,7),(1359,116,8),(1360,116,8),(1361,116,8),(1362,116,6),(1363,116,3),(1364,116,8),(1365,116,1),(1366,116,1),(1367,116,2),(1368,116,6),(1369,116,2),(1370,116,1),(1371,117,1),(1372,117,1),(1373,117,9),(1374,117,4),(1375,117,1),(1376,117,2),(1377,117,5),(1378,117,1),(1379,117,7),(1380,117,3),(1381,118,4),(1382,118,10),(1383,118,6),(1384,118,2),(1385,118,2),(1386,118,5),(1387,118,5),(1388,118,10),(1389,118,6),(1390,118,9),(1391,118,6),(1392,118,2),(1393,118,1),(1394,118,1),(1395,119,1),(1396,119,2),(1397,119,6),(1398,119,4),(1399,119,3),(1400,119,2),(1401,119,8),(1402,119,6),(1403,119,5),(1404,119,7),(1405,119,7),(1406,119,4),(1407,120,1),(1408,120,1),(1409,120,3),(1410,120,9),(1411,120,5),(1412,120,8),(1413,120,4),(1414,120,8),(1415,120,7),(1416,120,9),(1417,120,4),(1418,120,1),(1419,120,4),(1420,120,5),(1421,121,4),(1422,121,5),(1423,121,10),(1424,121,8),(1425,121,7),(1426,121,3),(1427,121,3),(1428,121,3),(1429,121,8),(1430,121,9),(1431,121,9),(1432,121,9),(1433,121,7),(1434,121,7),(1435,121,5),(1436,121,4),(1437,122,4),(1441,122,2),(1443,122,2),(1444,122,8),(1445,122,10),(1446,122,9),(1447,122,2),(1448,122,2),(1450,122,10),(1452,123,8),(1453,123,4),(1454,123,4),(1455,123,10),(1458,123,8),(1459,123,9),(1460,123,3),(1461,123,4),(1462,124,1),(1463,124,5),(1465,124,7),(1466,124,2),(1467,124,1),(1468,124,7),(1469,124,2),(1470,125,7),(1471,125,10),(1472,125,9),(1473,125,3),(1474,125,8),(1475,125,9),(1476,125,10),(1477,125,4),(1478,126,7),(1479,126,6),(1480,126,7),(1481,126,7),(1482,126,4),(1483,126,9),(1484,126,3),(1486,127,9),(1487,127,9),(1489,127,10),(1490,127,1),(1493,128,2),(1494,128,3),(1497,128,2),(1498,128,5),(1503,129,7),(1504,129,3),(1507,129,9),(1508,129,5),(1509,129,10),(1510,129,3),(1512,130,7),(1513,130,7),(1515,130,9),(1516,130,7),(1517,130,8),(1519,130,1),(1520,130,8),(1521,131,4),(1522,131,9),(1523,131,9),(1524,131,10),(1525,131,1),(1526,131,5),(1527,131,10),(1528,131,4),(1529,131,10),(1530,132,9),(1531,132,5),(1532,132,8),(1533,132,3),(1534,132,2),(1535,132,8),(1536,132,6),(1540,133,8),(1546,135,8),(1547,135,10),(1548,135,8),(1549,135,10),(1550,135,5),(1551,135,6),(1552,135,3),(1553,135,8),(1554,135,2),(1555,135,2),(1556,135,4),(1557,135,5),(1558,135,2),(1559,135,6),(1560,135,2),(1561,136,10),(1562,136,5),(1563,136,6),(1564,136,2),(1565,136,4),(1566,136,1),(1567,136,2),(1568,136,6),(1569,136,6),(1570,136,1),(1571,136,6),(1572,136,7),(1573,136,4),(1574,136,1),(1576,136,4),(1577,137,3),(1578,137,5),(1579,137,4),(1580,137,5),(1581,137,4),(1582,137,2),(1583,137,10),(1584,137,3),(1585,137,6),(1586,137,8),(1587,137,1),(1588,137,3),(1589,137,1),(1590,137,6),(1591,137,5),(1592,137,8),(1593,137,4),(1594,137,5),(1595,137,4),(1596,137,2),(1597,137,9),(1598,137,8),(1599,137,5),(1600,137,8),(1601,137,3),(1602,137,4),(1603,137,7),(1604,137,5),(1605,137,3),(1606,137,9),(1607,137,4),(1608,137,5),(1609,137,2),(1610,137,5),(1611,137,8),(1612,137,3),(1613,137,1),(1614,137,5),(1615,137,1),(1616,137,2),(1617,137,6),(1618,137,5),(1619,137,5),(1620,137,1),(1621,138,9),(1622,138,10),(1623,138,1),(1624,138,7),(1625,138,3),(1626,138,1),(1627,138,8),(1628,138,6),(1629,138,4),(1630,138,4),(1631,138,6),(1632,138,9),(1633,138,4),(1634,138,5),(1635,139,10),(1636,139,6),(1637,139,9),(1638,139,6),(1639,139,2),(1640,139,3),(1641,139,9),(1642,139,6),(1643,139,1),(1644,139,6),(1645,139,8),(1646,139,3),(1647,139,8),(1648,139,2),(1649,140,3),(1650,140,10),(1651,140,9),(1652,140,5),(1653,140,8),(1654,140,4),(1655,140,4),(1656,140,1),(1657,140,9),(1658,140,4),(1659,141,10),(1660,141,9),(1661,141,5),(1662,141,6),(1663,141,6),(1664,141,2),(1665,141,9),(1666,141,10),(1667,141,4),(1668,141,9),(1669,141,10),(1670,141,4),(1671,141,9),(1672,141,4),(1673,141,2),(1674,141,5),(1675,141,2),(1676,141,4),(1677,142,3),(1678,142,2),(1679,142,2),(1680,142,2),(1681,142,3),(1682,142,9),(1683,142,4),(1684,142,5),(1685,142,1),(1686,142,10),(1687,143,4),(1688,143,3),(1689,143,1),(1690,143,6),(1691,143,6),(1692,143,2),(1693,143,10),(1694,143,4),(1695,143,10),(1696,143,7),(1697,143,3),(1698,143,6),(1699,144,9),(1700,144,6),(1701,144,4),(1702,144,9),(1703,144,5),(1704,144,8),(1705,144,5),(1706,144,8),(1707,144,6),(1708,144,5),(1709,144,7),(1710,144,8),(1711,144,10),(1712,144,5),(1713,144,6),(1714,144,5),(1715,145,5),(1716,145,1),(1717,145,1),(1718,145,8),(1719,145,9),(1720,145,8),(1721,145,6),(1722,145,3),(1723,145,6),(1724,145,10),(1725,146,2),(1726,146,1),(1727,146,9),(1728,146,9),(1729,146,7),(1730,146,9),(1731,146,3),(1732,146,7),(1733,146,6),(1734,146,7),(1735,146,9),(1736,146,4),(1737,146,2),(1738,146,8),(1739,147,5),(1740,147,7),(1741,147,3),(1742,147,1),(1743,147,6),(1744,147,5),(1745,147,8),(1746,147,4),(1747,148,4),(1748,148,9),(1749,148,2),(1750,148,4),(1751,148,4),(1752,148,7),(1753,148,10),(1754,148,2),(1755,148,9),(1756,148,6),(1757,148,5),(1758,148,7),(1759,148,8),(1760,149,7),(1761,149,3),(1762,149,1),(1763,149,5),(1764,149,3),(1765,149,9),(1766,149,4),(1767,149,5),(1768,150,10),(1769,150,7),(1770,150,4),(1771,150,7),(1772,150,1),(1773,150,7),(1774,150,9),(1775,150,4),(1776,150,5),(1777,150,10),(1778,150,4),(1779,151,2),(1780,151,8),(1781,151,3),(1782,151,10),(1783,151,3),(1784,151,1),(1785,151,8),(1786,151,7),(1787,151,8),(1788,152,10),(1789,152,5),(1790,152,4),(1791,152,3),(1792,152,5),(1793,152,3),(1795,152,7),(1796,152,1),(1797,152,5),(1798,152,9),(1799,152,9),(1800,152,8),(1801,152,4),(1802,153,6),(1803,153,6),(1804,153,3),(1805,153,5),(1806,153,8),(1807,153,3),(1808,153,1),(1809,153,4),(1810,153,6),(1811,153,8),(1812,153,1),(1813,153,2),(1814,153,8),(1815,154,1),(1816,154,3),(1817,154,9),(1818,154,8),(1819,154,10),(1820,154,8),(1821,154,9),(1822,154,10),(1823,154,3),(1824,154,4),(1825,154,9),(1826,154,3),(1827,154,8),(1828,155,10),(1829,155,7),(1830,155,5),(1831,155,2),(1832,155,4),(1833,155,5),(1834,155,2),(1835,155,5),(1836,155,6),(1837,155,8),(1838,155,9),(1839,155,10),(1840,155,4),(1841,155,10),(1842,155,8),(1843,156,9),(1844,156,9),(1845,156,9),(1846,156,6),(1847,156,5),(1848,156,5),(1849,156,8),(1850,156,5),(1851,156,10),(1852,156,3),(1853,156,8),(1854,156,9),(1855,157,9),(1856,157,8),(1857,157,2),(1858,157,6),(1859,157,5),(1860,157,5),(1861,157,1),(1862,157,1),(1863,157,8),(1864,157,9),(1865,157,2),(1866,157,9),(1867,157,2),(1868,157,9),(1869,157,2),(1870,157,1),(1871,157,7),(1872,158,4),(1873,158,7),(1874,158,2),(1875,158,9),(1876,158,8),(1877,158,1),(1878,158,3),(1879,158,9),(1880,158,9),(1881,158,5),(1882,158,8),(1883,158,6),(1884,158,6),(1885,158,1),(1886,158,7),(1887,158,9),(1888,158,6),(1890,159,7),(1891,159,1),(1895,159,9),(1897,159,10),(1898,159,9),(1899,159,3),(1900,159,10),(1901,160,8),(1902,160,3),(1903,160,7),(1904,160,8),(1905,160,7),(1906,160,3),(1907,160,10),(1908,160,4),(1909,160,6),(1910,160,9),(1911,160,5),(1912,160,10),(1913,160,2),(1914,160,10),(1915,160,2),(1916,161,1),(1917,161,8),(1918,161,7),(1919,161,10),(1920,161,10),(1921,161,9),(1922,161,4),(1923,161,2),(1924,161,8),(1925,161,5),(1926,161,9),(1927,161,9),(1928,161,8),(1929,162,2),(1930,162,6),(1931,162,4),(1932,162,2),(1933,162,7),(1934,162,9),(1935,162,4),(1936,162,1),(1937,162,3),(1938,162,3),(1939,162,5),(1940,162,4),(1941,162,4),(1942,162,9),(1943,162,2),(1944,162,3),(1945,162,8),(1946,162,1),(1947,162,10),(1948,162,6),(1949,162,9),(1950,163,7),(1952,163,5),(1953,163,6),(1954,163,3),(1955,163,7),(1956,163,6),(1957,163,7),(1958,163,10),(1959,163,5),(1960,163,4),(1961,163,7),(1963,164,3),(1964,164,5),(1965,164,6),(1966,164,3),(1967,164,9),(1968,164,5),(1969,164,9),(1971,164,10),(1972,164,7),(1973,164,5),(1975,164,4),(1976,164,3),(1977,164,5),(1978,165,5),(1979,166,1),(1980,166,8),(1981,167,7),(1982,168,2),(1983,168,7),(1986,169,2),(1987,169,9),(1989,169,9),(1990,169,2),(1991,169,10),(1992,169,2),(1993,169,3),(1994,169,7),(1995,169,4),(1996,169,9),(1997,169,4),(1998,170,4),(1999,170,5),(2000,170,5),(2001,170,6),(2002,170,7),(2003,170,4),(2004,170,1),(2005,170,3),(2006,170,9),(2007,170,6),(2008,170,5),(2009,170,3),(2010,171,1),(2011,171,7),(2012,171,2),(2013,171,7),(2014,171,7),(2015,171,4),(2016,171,10),(2017,171,6),(2018,171,9),(2019,171,9),(2020,172,5),(2021,172,7),(2022,172,1),(2023,172,2),(2024,172,6),(2025,172,4),(2026,172,3),(2027,172,10),(2028,172,4),(2029,172,6),(2030,172,1),(2031,172,3),(2032,172,3),(2033,172,5),(2034,172,5),(2035,172,9),(2036,173,10),(2037,173,1),(2038,173,6),(2039,173,5),(2040,173,5),(2041,173,3),(2042,173,7),(2043,173,8),(2044,173,6),(2045,173,7),(2046,173,7),(2047,173,4),(2048,173,7),(2049,174,1),(2050,174,6),(2051,174,6),(2052,174,2),(2053,174,2),(2054,174,4),(2055,174,3),(2056,174,3),(2057,174,5),(2058,174,7),(2059,174,7),(2060,174,5),(2061,174,5),(2062,174,7),(2063,174,9),(2064,175,5),(2065,175,6),(2066,175,5),(2067,175,5),(2069,175,7),(2070,175,1),(2071,175,7),(2072,175,10),(2073,175,6),(2074,175,3),(2076,176,8),(2078,176,6),(2079,176,5),(2080,176,6),(2081,176,6),(2082,176,1),(2083,176,8),(2085,176,10),(2086,176,7),(2087,177,6),(2088,177,8),(2089,177,1),(2090,177,2),(2091,177,8),(2092,177,10),(2093,177,8),(2094,177,7),(2095,177,1),(2096,178,3),(2097,178,2),(2098,178,10),(2099,178,5),(2100,178,2),(2101,178,7),(2102,178,6),(2103,178,9),(2104,178,9),(2105,178,6),(2106,178,4),(2107,178,1),(2108,178,3),(2109,178,3),(2110,178,2),(2111,178,2),(2112,178,2),(2115,179,2),(2116,179,4),(2117,179,5),(2118,179,2),(2119,179,2),(2120,179,7),(2121,179,7),(2122,179,5),(2123,179,2),(2124,180,7),(2125,180,5),(2126,180,7),(2127,180,7),(2128,180,3),(2129,180,6),(2130,180,1),(2131,180,7),(2132,180,1),(2133,180,4),(2134,180,4),(2135,181,9),(2136,181,10),(2137,181,6),(2138,181,7),(2139,181,5),(2140,181,6),(2141,181,4),(2142,181,3),(2143,181,1),(2144,181,4),(2145,181,9),(2146,182,2),(2147,182,3),(2148,182,8),(2149,182,2),(2150,182,2),(2151,182,7),(2152,182,5),(2153,182,7),(2154,182,9),(2155,182,3),(2156,182,7),(2157,182,4),(2158,182,9),(2159,182,5),(2160,183,5),(2161,183,10),(2162,183,3),(2163,183,6),(2164,183,1),(2165,183,4),(2166,183,9),(2167,183,3),(2168,183,5),(2169,183,7),(2170,183,8),(2171,183,8),(2172,183,8),(2173,183,4),(2174,183,6),(2175,183,8),(2176,184,1),(2177,184,9),(2178,184,2),(2179,184,5),(2180,184,5),(2181,184,3),(2182,184,8),(2183,184,10),(2184,184,7),(2185,184,5),(2186,185,2),(2187,185,7),(2188,185,5),(2189,185,5),(2190,185,10),(2191,185,6),(2192,185,8),(2193,185,2),(2194,185,6),(2195,185,2),(2196,185,3),(2197,185,7),(2198,185,5),(2199,185,4),(2200,186,4),(2201,186,6),(2202,186,9),(2203,186,5),(2204,186,10),(2205,186,4),(2206,186,10),(2207,186,6),(2208,186,1),(2209,186,5),(2210,186,3),(2211,186,7),(2212,186,8),(2213,186,9),(2214,186,10),(2215,186,1),(2216,186,4),(2217,187,6),(2218,187,10),(2219,187,10),(2220,187,1),(2221,187,4),(2222,187,4),(2223,187,1),(2224,187,2),(2225,187,5),(2226,187,9),(2227,187,8),(2228,187,2),(2229,187,5),(2230,187,8),(2231,187,4),(2232,187,6),(2233,188,6),(2234,188,5),(2235,188,4),(2236,188,5),(2237,188,2),(2238,188,4),(2239,188,6),(2240,188,5),(2241,188,7),(2242,188,10),(2243,188,7),(2244,188,6),(2245,188,10),(2246,188,10),(2247,188,10),(2248,189,10),(2249,189,1),(2250,189,2),(2251,189,7),(2252,189,7),(2253,189,3),(2254,189,4),(2255,189,2),(2256,189,7),(2257,189,7),(2258,189,3),(2259,189,5),(2260,189,3),(2261,189,2),(2262,190,10),(2263,190,4),(2264,190,10),(2265,190,8),(2266,190,7),(2267,190,2),(2268,190,8),(2269,190,5),(2270,191,8),(2271,191,4),(2272,191,7),(2273,191,3),(2274,191,2),(2275,191,10),(2276,192,5),(2277,192,4),(2278,192,3),(2279,192,3),(2280,192,8),(2281,192,8),(2282,192,6),(2283,192,7),(2284,192,4),(2285,192,8),(2286,192,9),(2287,192,9),(2288,193,10),(2289,193,2),(2290,193,10),(2291,193,4),(2292,193,7),(2293,193,2),(2294,193,9),(2295,193,10),(2296,193,10),(2297,193,1),(2298,193,3),(2299,194,2),(2300,194,2),(2301,194,2),(2302,194,2),(2303,194,7),(2304,194,7),(2305,194,2),(2306,194,1),(2307,194,8),(2308,194,5),(2309,194,10),(2310,194,6),(2311,194,9),(2312,194,6),(2313,194,1),(2314,194,8),(2315,195,6),(2316,195,4),(2317,195,4),(2318,195,7),(2319,195,3),(2320,195,5),(2321,195,4),(2322,195,5),(2323,195,3),(2324,195,10),(2325,195,1),(2326,195,4),(2327,195,6),(2328,195,6),(2329,195,5),(2330,195,3),(2331,195,2),(2332,195,8),(2333,196,5),(2334,196,2),(2335,196,5),(2336,196,6),(2337,196,3),(2338,196,10),(2339,196,8),(2340,196,9),(2341,196,1),(2342,196,7),(2343,196,1),(2344,196,2),(2345,196,9),(2346,196,10),(2347,196,1),(2348,196,4),(2349,196,7),(2350,197,4),(2351,197,7),(2352,197,1),(2353,197,6),(2354,197,4),(2355,197,3),(2356,197,2),(2357,197,1),(2358,197,10),(2359,198,7),(2360,198,2),(2361,198,7),(2362,198,2),(2363,198,5),(2364,198,2),(2365,198,4),(2366,198,2),(2367,198,10),(2368,198,1),(2369,199,3),(2370,199,5),(2371,199,3),(2372,199,9),(2373,199,7),(2374,199,9),(2375,199,2),(2376,199,3),(2377,199,9),(2378,199,5),(2379,199,6),(2380,199,6),(2381,200,1),(2382,200,5),(2383,200,2),(2384,200,7),(2385,200,5),(2386,200,5),(2387,200,8),(2388,200,4),(2389,200,7),(2390,200,1),(2391,200,5),(2392,201,10),(2393,201,7),(2394,201,1),(2395,201,6),(2396,201,4),(2397,201,4),(2398,201,6),(2399,202,10),(2400,202,10),(2401,202,1),(2402,202,2),(2403,202,7),(2404,202,8),(2405,202,10),(2406,202,5),(2407,202,4),(2408,202,5),(2409,203,10),(2410,203,8),(2411,203,7),(2412,203,1),(2413,203,3),(2414,203,2),(2415,203,9),(2416,203,10),(2417,203,3),(2418,204,3),(2419,204,5),(2420,204,6),(2421,204,6),(2422,204,9),(2423,204,6),(2424,204,2),(2425,204,3),(2426,204,9),(2427,204,4),(2428,204,2),(2429,204,8),(2430,204,5),(2431,204,1),(2432,204,9),(2433,204,1),(2434,204,7),(2435,204,1),(2436,205,5),(2437,205,10),(2438,205,4),(2439,205,1),(2440,205,1),(2441,205,10),(2442,205,8),(2443,205,1),(2444,205,1),(2445,205,2),(2446,205,6),(2447,205,5),(2448,206,5),(2449,206,9),(2450,206,2),(2451,206,9),(2452,206,1),(2453,206,5),(2454,206,3),(2455,206,10),(2456,206,2),(2457,206,8),(2458,206,4),(2459,206,6),(2460,206,8),(2461,206,3),(2462,206,8),(2463,206,9),(2464,206,2),(2465,206,3),(2466,207,9),(2467,207,5),(2468,207,9),(2469,207,7),(2470,207,7),(2471,207,4),(2472,207,8),(2473,207,9),(2474,207,8),(2475,207,4),(2476,207,6),(2477,208,9),(2478,208,4),(2479,208,4),(2480,208,5),(2481,208,5),(2482,208,1),(2483,208,7),(2484,208,10),(2485,208,10),(2486,208,9),(2487,208,6),(2488,208,3),(2489,208,4),(2490,208,2),(2491,209,6),(2492,209,5),(2493,209,8),(2494,209,2),(2495,209,5),(2496,209,9),(2497,209,1),(2498,209,9),(2499,209,8),(2500,209,3),(2501,209,9),(2502,209,9),(2503,210,5),(2504,210,10),(2505,210,4),(2506,210,7),(2507,210,3),(2508,210,5),(2509,210,5),(2510,210,1),(2511,210,10),(2512,210,6),(2513,210,10),(2514,210,1),(2515,210,4),(2516,210,5),(2517,211,3),(2519,211,5),(2520,211,1),(2521,211,2),(2522,211,3),(2523,211,10),(2524,211,2),(2525,211,8),(2526,211,4),(2527,211,7),(2528,211,10),(2529,211,10),(2530,211,10),(2531,211,9),(2532,212,3),(2533,212,7),(2534,212,5),(2535,212,5),(2536,212,9),(2537,212,9),(2538,212,10),(2539,212,10),(2540,212,9),(2541,212,7),(2542,212,6),(2543,212,8),(2544,212,3),(2545,212,9),(2546,212,6),(2548,213,1),(2550,213,5),(2551,213,2),(2553,213,2),(2555,213,8),(2556,213,9),(2557,213,1),(2558,214,8),(2559,214,6),(2560,214,6),(2561,214,1),(2562,214,8),(2563,214,7),(2564,214,1),(2565,214,2),(2566,214,9),(2567,214,7),(2568,214,7),(2569,214,4),(2570,214,9),(2571,214,1),(2572,214,10),(2573,214,6),(2574,214,8),(2575,214,4),(2576,214,3),(2577,214,2),(2578,215,2),(2579,215,3),(2580,215,9),(2581,215,4),(2582,215,3),(2583,215,3),(2584,215,6),(2585,215,10),(2586,215,10),(2587,215,1),(2588,215,4),(2589,215,6),(2590,215,7),(2591,215,9),(2592,215,3),(2593,216,6),(2594,216,1),(2595,216,8),(2596,216,5),(2597,216,2),(2598,216,2),(2599,216,3),(2600,216,1),(2601,216,5),(2602,216,2),(2603,216,2),(2604,216,6),(2605,216,4),(2606,216,10),(2607,216,8),(2608,217,10),(2609,217,6),(2610,217,9),(2611,217,8),(2612,217,3),(2613,217,10),(2614,217,10),(2615,217,9),(2616,217,5),(2617,217,7),(2618,217,8),(2619,217,10),(2620,217,6),(2621,217,7),(2622,217,8),(2623,217,9),(2624,217,10),(2625,217,2),(2626,217,9),(2627,217,10),(2628,217,1),(2629,217,3),(2630,218,3),(2631,218,7),(2632,218,5),(2633,218,3),(2634,218,2),(2635,218,8),(2636,218,2),(2637,218,8),(2638,218,2),(2639,218,7),(2640,218,9),(2641,218,3),(2642,218,6),(2643,218,9),(2644,218,9),(2645,218,9),(2646,219,5),(2647,219,8),(2648,219,6),(2649,219,4),(2650,219,2),(2651,219,7),(2652,219,9),(2653,219,2),(2654,219,5),(2655,219,6),(2656,219,7),(2657,219,5),(2658,219,2),(2660,219,1),(2661,219,3),(2662,219,10),(2663,219,10),(2664,219,8),(2665,219,1),(2666,220,1),(2667,220,9),(2668,220,3),(2670,220,5),(2671,220,8),(2672,220,5),(2673,220,1),(2674,220,9),(2675,220,9),(2676,220,10),(2677,220,2),(2678,220,1),(2679,220,8),(2680,220,7),(2681,220,9),(2682,220,4),(2683,220,2),(2684,220,7),(2685,220,1),(2686,220,1),(2687,220,10),(2688,221,10),(2689,221,8),(2690,221,9),(2691,221,2),(2692,221,4),(2693,221,1),(2694,221,2),(2695,221,6),(2696,222,6),(2697,222,10),(2698,222,1),(2699,222,6),(2700,222,4),(2701,222,4),(2702,222,5),(2703,222,5),(2704,222,9),(2705,222,1),(2706,222,5),(2707,222,1),(2708,223,9),(2709,223,4),(2710,223,10),(2711,223,1),(2712,223,1),(2713,223,4),(2714,223,6),(2715,223,8),(2716,223,10),(2717,223,6),(2718,223,1),(2719,224,4),(2720,224,6),(2721,224,7),(2722,224,6),(2723,224,8),(2724,224,3),(2725,224,1),(2726,224,3),(2727,224,5),(2728,224,3),(2729,224,2),(2730,224,8),(2731,224,3),(2732,224,2),(2733,224,9),(2734,225,10),(2735,225,10),(2736,225,1),(2737,225,5),(2738,225,2),(2739,225,3),(2740,225,10),(2741,225,10),(2742,225,1),(2743,225,1),(2744,225,4),(2745,226,8),(2746,226,5),(2747,226,10),(2748,226,6),(2749,226,10),(2750,226,9),(2751,226,5),(2752,226,6),(2753,226,7),(2754,226,7),(2755,226,3),(2756,226,3),(2757,227,4),(2758,227,2),(2759,227,8),(2760,227,2),(2761,227,8),(2762,227,1),(2763,227,2),(2765,227,6),(2766,227,7),(2767,227,8),(2768,227,8),(2769,227,5),(2770,227,10),(2771,227,5),(2772,227,4),(2773,227,4),(2775,228,6),(2776,228,8),(2778,228,4),(2779,228,9),(2780,228,4),(2781,228,10),(2782,228,7),(2789,229,7),(2791,229,9),(2792,229,1),(2793,229,1),(2794,229,8),(2795,229,9),(2796,229,8),(2797,230,5),(2798,230,9),(2799,230,1),(2800,230,9),(2801,230,8),(2802,230,3),(2803,230,3),(2804,230,3),(2805,230,8),(2806,230,1),(2807,231,10),(2808,231,5),(2809,231,7),(2810,231,6),(2811,231,1),(2812,231,5),(2813,231,3),(2814,231,10),(2815,231,8),(2816,231,9),(2817,231,2),(2818,231,1),(2819,232,9),(2820,232,1),(2821,232,6),(2822,232,8),(2823,232,1),(2824,232,10),(2825,232,8),(2826,232,8),(2827,232,6),(2828,232,6),(2829,232,2),(2830,232,10),(2831,232,4),(2832,232,8),(2833,232,8),(2834,232,7),(2835,232,1),(2838,233,2),(2840,233,2),(2841,233,6),(2842,233,5),(2843,233,6),(2844,233,6),(2845,233,9),(2846,233,8),(2847,234,1),(2848,234,2),(2849,234,5),(2850,234,10),(2851,234,4),(2852,234,1),(2853,234,10),(2854,234,6),(2855,234,10),(2856,234,3),(2857,234,5),(2858,234,5),(2859,235,10),(2860,235,3),(2861,235,7),(2862,235,5),(2863,235,4),(2864,235,4),(2865,235,8),(2866,235,5),(2867,235,2),(2868,235,3),(2869,235,10),(2870,235,1),(2871,235,5),(2872,236,9),(2873,236,2),(2874,236,2),(2875,236,3),(2876,236,7),(2877,236,8),(2878,236,6),(2879,236,6),(2880,236,2),(2881,236,10),(2882,236,6),(2883,236,7),(2884,236,9),(2885,236,1),(2886,236,8),(2887,237,7),(2888,237,2),(2889,237,7),(2890,237,1),(2891,237,1),(2892,237,2),(2893,237,8),(2894,237,1),(2895,237,10),(2896,237,10),(2897,237,6),(2898,237,10),(2899,237,3),(2900,237,4),(2901,237,2),(2902,237,5),(2903,237,8),(2904,237,7),(2905,237,2),(2906,238,5),(2907,239,8),(2908,239,7),(2909,239,9),(2910,239,2),(2911,239,4),(2912,239,5),(2913,239,2),(2914,239,6),(2915,239,10),(2916,239,4),(2917,239,9),(2918,239,10),(2919,239,6),(2920,239,8),(2922,239,6),(2923,239,1),(2924,239,5),(2925,239,1),(2927,239,7),(2928,239,6),(2929,239,1),(2930,240,4),(2931,240,8),(2932,240,9),(2933,240,10),(2934,240,2),(2935,240,1),(2936,240,7),(2937,240,2),(2938,240,7),(2939,240,8),(2940,240,10),(2942,241,9),(2943,241,6),(2944,241,1),(2945,241,7),(2946,241,10),(2947,241,10),(2948,241,8),(2949,241,2),(2950,241,6),(2951,241,2),(2952,241,4),(2953,241,10),(2954,242,10),(2955,242,8),(2956,242,10),(2957,242,6),(2958,242,9),(2959,242,7),(2960,242,7),(2961,242,6),(2962,242,5),(2963,242,9),(2964,242,1),(2965,242,5),(2966,242,2),(2967,242,3),(2968,242,1),(2969,242,5),(2970,242,2),(2971,242,6),(2972,242,1),(2973,243,6),(2974,243,7),(2975,243,8),(2976,243,9),(2977,243,7),(2978,243,1),(2979,243,4),(2980,243,5),(2981,243,3),(2982,243,9),(2983,243,7),(2984,243,7),(2985,243,5),(2986,243,2),(2987,243,3),(2988,243,8),(2989,243,3),(2990,244,8),(2991,245,10),(2992,245,8),(2993,245,10),(2994,245,3),(2995,245,4),(2996,245,3),(2997,245,10),(2998,245,3),(2999,245,5),(3000,245,3),(3001,245,10),(3002,245,10),(3003,245,9),(3004,245,5),(3005,246,8),(3006,246,4),(3007,247,8),(3008,247,5),(3009,248,1),(3010,248,1),(3011,249,9),(3012,249,4),(3013,250,1),(3014,251,5),(3015,252,9),(3016,252,9),(3017,252,8),(3018,252,4),(3019,252,4),(3020,252,10),(3021,252,4),(3022,252,1),(3023,252,4),(3024,252,7),(3025,253,3),(3026,253,3),(3027,253,6),(3028,253,9),(3029,253,7),(3030,253,9),(3031,253,2),(3032,253,1),(3033,253,9),(3034,253,1),(3035,253,7),(3036,253,1),(3037,253,6),(3038,253,7),(3039,254,4),(3040,254,8),(3041,254,9),(3042,254,9),(3043,254,6),(3044,254,6),(3045,254,10),(3046,254,10),(3047,254,2),(3048,254,1),(3049,254,5),(3050,254,3),(3051,254,8),(3052,255,10),(3053,256,5),(3054,257,4),(3055,258,5),(3056,259,1),(3057,260,2),(3058,261,8),(3059,261,1),(3060,262,10),(3061,263,8),(3062,264,10),(3063,265,4),(3064,266,2),(3065,267,6),(3066,268,2),(3067,269,1),(3068,270,1),(3069,271,10),(3070,272,9),(3071,273,2),(3072,274,5),(3073,275,9),(3074,276,6),(3075,277,5),(3076,278,6),(3077,279,4),(3078,280,3),(3079,281,1),(3080,282,5),(3081,283,3),(3082,284,8),(3083,285,3),(3084,286,8),(3085,287,2),(3086,288,3),(3087,289,2),(3088,289,8),(3089,290,5),(3090,291,10),(3091,292,4),(3092,293,1),(3093,294,1),(3094,294,1),(3095,294,4),(3096,294,4),(3097,294,9),(3098,294,4),(3099,294,10),(3100,294,10),(3101,294,10),(3102,294,8),(3103,294,1),(3104,295,8),(3105,296,7),(3106,297,1),(3107,298,3),(3108,299,3),(3109,300,6),(3110,301,9),(3111,302,8),(3112,303,3),(3113,304,10),(3114,305,1),(3115,306,6),(3116,307,3),(3117,308,10),(3118,309,9),(3119,310,6),(3120,311,9),(3121,312,10),(3122,313,3),(3123,314,3);
/*!40000 ALTER TABLE `LiedjeOpAlbum` ENABLE KEYS */;
UNLOCK TABLES;

/*!40103 SET TIME_ZONE=@OLD_TIME_ZONE */;

/*!40101 SET SQL_MODE=@OLD_SQL_MODE */;
/*!40014 SET FOREIGN_KEY_CHECKS=@OLD_FOREIGN_KEY_CHECKS */;
/*!40014 SET UNIQUE_CHECKS=@OLD_UNIQUE_CHECKS */;
/*!40101 SET CHARACTER_SET_CLIENT=@OLD_CHARACTER_SET_CLIENT */;
/*!40101 SET CHARACTER_SET_RESULTS=@OLD_CHARACTER_SET_RESULTS */;
/*!40101 SET COLLATION_CONNECTION=@OLD_COLLATION_CONNECTION */;
/*!40111 SET SQL_NOTES=@OLD_SQL_NOTES */;

-- Dump completed on 2022-11-28 13:40:27